datetime;cash_type;card;money;coffee_name;Hora
01-03-2024 10:15;card;ANON-0000-0000-0001;387;Latte;10
01-03-2024 12:19;card;ANON-0000-0000-0002;387;Hot Chocolate;12
01-03-2024 12:20;card;ANON-0000-0000-0002;387;Hot Chocolate;12
01-03-2024 13:46;card;ANON-0000-0000-0003;289;Americano;13
01-03-2024 13:48;card;ANON-0000-0000-0004;387;Latte;13
01-03-2024 16:19;card;ANON-0000-0000-0006;387;Hot Chocolate;16
01-03-2024 18:39;card;ANON-0000-0000-0007;338;Americano with Milk;18
01-03-2024 19:22;card;ANON-0000-0000-0008;387;Cocoa;19
01-03-2024 19:23;card;ANON-0000-0000-0008;338;Americano with Milk;19
01-03-2024 19:29;card;ANON-0000-0000-0009;338;Americano with Milk;19
01-03-2024 20:39;card;ANON-0000-0000-0005;338;Americano with Milk;20
02-03-2024 9:34;card;ANON-0000-0000-0004;289;Americano;9
02-03-2024 10:22;card;ANON-0000-0000-0010;289;Americano;10
02-03-2024 10:30;cash;;400;Latte;10
02-03-2024 10:41;card;ANON-0000-0000-0011;338;Americano with Milk;10
02-03-2024 11:59;card;ANON-0000-0000-0012;338;Americano with Milk;11
02-03-2024 14:38;card;ANON-0000-0000-0013;289;Americano;14
02-03-2024 16:37;card;ANON-0000-0000-0014;338;Americano with Milk;16
03-03-2024 10:10;cash;;400;Latte;10
03-03-2024 10:27;card;ANON-0000-0000-0015;387;Latte;10
03-03-2024 11:33;card;ANON-0000-0000-0016;289;Cortado;11
03-03-2024 12:26;card;ANON-0000-0000-0012;289;Americano;12
03-03-2024 13:09;card;ANON-0000-0000-0017;387;Hot Chocolate;13
03-03-2024 17:06;card;ANON-0000-0000-0018;387;Cocoa;17
03-03-2024 17:08;card;ANON-0000-0000-0019;289;Cortado;17
03-03-2024 18:03;card;ANON-0000-0000-0020;338;Americano with Milk;18
03-03-2024 18:04;card;ANON-0000-0000-0020;338;Americano with Milk;18
03-03-2024 18:08;card;ANON-0000-0000-0020;387;Hot Chocolate;18
04-03-2024 10:03;card;ANON-0000-0000-0001;387;Latte;10
04-03-2024 10:54;card;ANON-0000-0000-0021;387;Latte;10
04-03-2024 11:05;card;ANON-0000-0000-0012;338;Americano with Milk;11
04-03-2024 14:04;card;ANON-0000-0000-0022;240;Espresso;14
05-03-2024 9:59;card;ANON-0000-0000-0001;387;Latte;9
05-03-2024 14:34;card;ANON-0000-0000-0023;387;Latte;14
05-03-2024 17:34;card;ANON-0000-0000-0024;387;Latte;17
05-03-2024 17:35;card;ANON-0000-0000-0025;387;Hot Chocolate;17
05-03-2024 17:36;card;ANON-0000-0000-0026;387;Cocoa;17
05-03-2024 17:37;card;ANON-0000-0000-0027;387;Hot Chocolate;17
05-03-2024 17:38;card;ANON-0000-0000-0009;387;Hot Chocolate;17
05-03-2024 17:56;card;ANON-0000-0000-0028;289;Cortado;17
05-03-2024 18:01;card;ANON-0000-0000-0028;387;Hot Chocolate;18
06-03-2024 12:30;cash;;350;Americano with Milk;12
06-03-2024 13:24;card;ANON-0000-0000-0012;289;Americano;13
06-03-2024 13:25;card;ANON-0000-0000-0012;289;Cortado;13
06-03-2024 14:52;card;ANON-0000-0000-0029;387;Cappuccino;14
06-03-2024 14:53;card;ANON-0000-0000-0029;387;Cappuccino;14
07-03-2024 10:08;cash;;400;Latte;10
07-03-2024 10:18;card;ANON-0000-0000-0030;387;Hot Chocolate;10
07-03-2024 11:03;card;ANON-0000-0000-0031;387;Latte;11
07-03-2024 11:25;cash;;400;Latte;11
07-03-2024 15:40;card;ANON-0000-0000-0032;289;Americano;15
07-03-2024 20:41;card;ANON-0000-0000-0033;338;Americano with Milk;20
08-03-2024 10:34;card;ANON-0000-0000-0012;289;Cortado;10
08-03-2024 12:22;card;ANON-0000-0000-0034;387;Cappuccino;12
08-03-2024 13:53;card;ANON-0000-0000-0035;289;Americano;13
08-03-2024 14:44;card;ANON-0000-0000-0012;289;Americano;14
08-03-2024 14:45;card;ANON-0000-0000-0033;289;Americano;14
08-03-2024 14:46;card;ANON-0000-0000-0012;338;Americano with Milk;14
08-03-2024 18:57;card;ANON-0000-0000-0036;387;Latte;18
08-03-2024 18:59;card;ANON-0000-0000-0037;387;Latte;18
09-03-2024 11:49;cash;;400;Hot Chocolate;11
09-03-2024 12:05;card;ANON-0000-0000-0038;240;Espresso;12
09-03-2024 12:07;card;ANON-0000-0000-0039;289;Americano;12
09-03-2024 12:09;card;ANON-0000-0000-0012;387;Cappuccino;12
09-03-2024 12:13;card;ANON-0000-0000-0040;289;Americano;12
09-03-2024 12:14;card;ANON-0000-0000-0040;289;Americano;12
09-03-2024 13:09;card;ANON-0000-0000-0041;387;Latte;13
09-03-2024 13:41;card;ANON-0000-0000-0042;338;Americano with Milk;13
09-03-2024 13:53;card;ANON-0000-0000-0043;289;Cortado;13
09-03-2024 13:54;card;ANON-0000-0000-0043;387;Cappuccino;13
09-03-2024 14:08;card;ANON-0000-0000-0009;338;Americano with Milk;14
09-03-2024 14:26;card;ANON-0000-0000-0044;387;Hot Chocolate;14
09-03-2024 19:17;card;ANON-0000-0000-0009;387;Cappuccino;19
09-03-2024 19:19;card;ANON-0000-0000-0009;387;Hot Chocolate;19
10-03-2024 7:44;cash;;300;Americano;7
10-03-2024 7:45;cash;;350;Americano with Milk;7
10-03-2024 10:06;cash;;400;Latte;10
10-03-2024 11:19;card;ANON-0000-0000-0045;240;Espresso;11
10-03-2024 17:51;cash;;350;Americano with Milk;17
10-03-2024 19:34;card;ANON-0000-0000-0046;387;Latte;19
10-03-2024 19:35;card;ANON-0000-0000-0046;289;Cortado;19
11-03-2024 10:18;cash;;400;Latte;10
11-03-2024 11:24;cash;;400;Cappuccino;11
11-03-2024 11:24;cash;;300;Cortado;11
11-03-2024 11:26;cash;;300;Americano;11
11-03-2024 11:32;card;ANON-0000-0000-0035;387;Cappuccino;11
11-03-2024 16:24;card;ANON-0000-0000-0047;289;Americano;16
11-03-2024 16:25;card;ANON-0000-0000-0047;387;Latte;16
11-03-2024 16:50;card;ANON-0000-0000-0048;289;Cortado;16
12-03-2024 10:15;cash;;400;Latte;10
12-03-2024 10:15;card;ANON-0000-0000-0033;289;Americano;10
12-03-2024 10:16;card;ANON-0000-0000-0033;289;Cortado;10
12-03-2024 11:20;card;ANON-0000-0000-0049;387;Hot Chocolate;11
12-03-2024 12:46;card;ANON-0000-0000-0004;338;Americano with Milk;12
12-03-2024 12:47;card;ANON-0000-0000-0004;289;Americano;12
12-03-2024 16:15;card;ANON-0000-0000-0050;289;Americano;16
13-03-2024 11:06;card;ANON-0000-0000-0048;387;Hot Chocolate;11
13-03-2024 11:48;card;ANON-0000-0000-0004;289;Americano;11
13-03-2024 12:18;card;ANON-0000-0000-0051;289;Americano;12
13-03-2024 12:19;card;ANON-0000-0000-0051;289;Americano;12
13-03-2024 12:34;cash;;250;Espresso;12
13-03-2024 14:26;card;ANON-0000-0000-0052;338;Americano with Milk;14
13-03-2024 15:40;card;ANON-0000-0000-0053;240;Espresso;15
13-03-2024 15:41;card;ANON-0000-0000-0053;240;Espresso;15
13-03-2024 16:47;card;ANON-0000-0000-0054;240;Espresso;16
14-03-2024 10:02;cash;;400;Latte;10
14-03-2024 10:28;card;ANON-0000-0000-0055;387;Latte;10
14-03-2024 10:29;card;ANON-0000-0000-0055;387;Hot Chocolate;10
14-03-2024 13:27;card;ANON-0000-0000-0012;289;Cortado;13
14-03-2024 13:28;card;ANON-0000-0000-0012;289;Americano;13
14-03-2024 13:52;card;ANON-0000-0000-0056;338;Americano with Milk;13
14-03-2024 13:52;card;ANON-0000-0000-0057;240;Espresso;13
14-03-2024 15:20;card;ANON-0000-0000-0058;387;Latte;15
14-03-2024 16:04;card;ANON-0000-0000-0059;338;Americano with Milk;16
14-03-2024 16:54;card;ANON-0000-0000-0050;240;Espresso;16
14-03-2024 18:58;card;ANON-0000-0000-0019;387;Hot Chocolate;18
14-03-2024 19:00;card;ANON-0000-0000-0012;289;Cortado;19
15-03-2024 10:02;cash;;400;Latte;10
15-03-2024 10:53;card;ANON-0000-0000-0060;387;Hot Chocolate;10
15-03-2024 18:19;card;ANON-0000-0000-0012;289;Americano;18
16-03-2024 12:06;card;ANON-0000-0000-0061;338;Americano with Milk;12
16-03-2024 12:07;card;ANON-0000-0000-0061;289;Americano;12
16-03-2024 15:58;card;ANON-0000-0000-0009;289;Cortado;15
16-03-2024 16:03;card;ANON-0000-0000-0009;289;Cortado;16
16-03-2024 17:58;card;ANON-0000-0000-0062;338;Americano with Milk;17
16-03-2024 20:04;card;ANON-0000-0000-0012;289;Cappuccino;20
17-03-2024 10:10;cash;;400;Latte;10
17-03-2024 12:55;card;ANON-0000-0000-0063;289;Cortado;12
18-03-2024 9:18;card;ANON-0000-0000-0064;289;Cappuccino;9
18-03-2024 15:31;card;ANON-0000-0000-0003;289;Americano;15
18-03-2024 15:32;card;ANON-0000-0000-0003;289;Americano;15
18-03-2024 15:33;card;ANON-0000-0000-0003;289;Americano;15
19-03-2024 7:20;cash;;300;Cappuccino;7
19-03-2024 14:02;card;ANON-0000-0000-0065;387;Latte;14
19-03-2024 14:03;card;ANON-0000-0000-0065;387;Latte;14
19-03-2024 15:04;card;ANON-0000-0000-0049;387;Hot Chocolate;15
19-03-2024 16:53;card;ANON-0000-0000-0066;338;Americano with Milk;16
19-03-2024 19:26;cash;;400;Hot Chocolate;19
20-03-2024 11:41;card;ANON-0000-0000-0012;289;Cortado;11
20-03-2024 12:21;cash;;400;Latte;12
20-03-2024 12:30;card;ANON-0000-0000-0049;289;Cortado;12
20-03-2024 13:16;card;ANON-0000-0000-0067;387;Cappuccino;13
20-03-2024 16:42;card;ANON-0000-0000-0050;387;Cocoa;16
20-03-2024 17:50;card;ANON-0000-0000-0068;387;Latte;17
21-03-2024 9:20;card;ANON-0000-0000-0069;387;Latte;9
21-03-2024 9:21;cash;;300;Americano;9
21-03-2024 10:18;cash;;400;Cappuccino;10
21-03-2024 12:25;card;ANON-0000-0000-0012;289;Cortado;12
21-03-2024 12:26;card;ANON-0000-0000-0012;387;Cappuccino;12
21-03-2024 17:22;card;ANON-0000-0000-0012;289;Cortado;17
22-03-2024 9:17;card;ANON-0000-0000-0012;289;Americano;9
22-03-2024 10:35;card;ANON-0000-0000-0070;338;Americano with Milk;10
22-03-2024 13:29;card;ANON-0000-0000-0071;338;Americano with Milk;13
22-03-2024 16:15;cash;;400;Cappuccino;16
22-03-2024 17:17;card;ANON-0000-0000-0012;240;Espresso;17
22-03-2024 17:20;card;ANON-0000-0000-0050;289;Americano;17
23-03-2024 10:44;card;ANON-0000-0000-0072;387;Latte;10
23-03-2024 10:45;card;ANON-0000-0000-0073;338;Americano with Milk;10
23-03-2024 13:10;card;ANON-0000-0000-0074;387;Cappuccino;13
23-03-2024 13:11;card;ANON-0000-0000-0074;387;Cocoa;13
23-03-2024 14:44;card;ANON-0000-0000-0075;338;Americano with Milk;14
23-03-2024 15:47;card;ANON-0000-0000-0076;387;Latte;15
23-03-2024 15:49;card;ANON-0000-0000-0076;338;Americano with Milk;15
23-03-2024 20:00;card;ANON-0000-0000-0009;289;Cappuccino;20
24-03-2024 10:03;cash;;400;Latte;10
24-03-2024 18:45;card;ANON-0000-0000-0077;387;Latte;18
25-03-2024 10:31;card;ANON-0000-0000-0009;387;Latte;10
25-03-2024 11:16;cash;;350;Americano with Milk;11
25-03-2024 14:27;card;ANON-0000-0000-0078;387;Latte;14
25-03-2024 14:29;card;ANON-0000-0000-0017;387;Latte;14
25-03-2024 18:37;card;ANON-0000-0000-0024;338;Americano with Milk;18
25-03-2024 19:34;card;ANON-0000-0000-0079;387;Cappuccino;19
26-03-2024 7:11;card;ANON-0000-0000-0009;289;Cappuccino;7
26-03-2024 9:36;card;ANON-0000-0000-0032;289;Cappuccino;9
26-03-2024 10:35;card;ANON-0000-0000-0055;387;Cocoa;10
26-03-2024 10:36;card;ANON-0000-0000-0055;387;Latte;10
26-03-2024 10:42;card;ANON-0000-0000-0080;387;Latte;10
26-03-2024 13:35;card;ANON-0000-0000-0003;289;Americano;13
26-03-2024 13:38;card;ANON-0000-0000-0059;289;Cortado;13
26-03-2024 13:57;card;ANON-0000-0000-0050;289;Americano;13
26-03-2024 15:48;card;ANON-0000-0000-0081;387;Latte;15
26-03-2024 18:33;card;ANON-0000-0000-0024;387;Latte;18
26-03-2024 18:34;card;ANON-0000-0000-0009;387;Hot Chocolate;18
27-03-2024 9:04;card;ANON-0000-0000-0003;289;Cappuccino;9
27-03-2024 11:05;card;ANON-0000-0000-0003;338;Americano with Milk;11
27-03-2024 12:57;card;ANON-0000-0000-0082;338;Americano with Milk;12
27-03-2024 13:35;card;ANON-0000-0000-0083;387;Hot Chocolate;13
27-03-2024 14:22;card;ANON-0000-0000-0012;387;Cappuccino;14
27-03-2024 14:23;card;ANON-0000-0000-0012;289;Americano;14
27-03-2024 18:30;card;ANON-0000-0000-0084;289;Cortado;18
27-03-2024 19:31;cash;;400;Latte;19
28-03-2024 9:27;card;ANON-0000-0000-0012;289;Americano;9
28-03-2024 14:24;card;ANON-0000-0000-0085;289;Cortado;14
28-03-2024 17:24;card;ANON-0000-0000-0012;289;Cortado;17
28-03-2024 17:32;card;ANON-0000-0000-0086;387;Latte;17
29-03-2024 10:56;card;ANON-0000-0000-0087;387;Latte;10
29-03-2024 12:34;card;ANON-0000-0000-0088;387;Cappuccino;12
29-03-2024 12:41;card;ANON-0000-0000-0088;387;Cappuccino;12
29-03-2024 13:22;cash;;400;Cappuccino;13
30-03-2024 11:59;card;ANON-0000-0000-0069;387;Latte;11
30-03-2024 13:49;cash;;400;Cappuccino;13
30-03-2024 16:12;card;ANON-0000-0000-0017;387;Latte;16
30-03-2024 16:36;card;ANON-0000-0000-0009;387;Latte;16
30-03-2024 16:37;card;ANON-0000-0000-0009;338;Americano with Milk;16
31-03-2024 10:40;card;ANON-0000-0000-0089;387;Cappuccino;10
31-03-2024 19:36;cash;;300;Americano;19
01-04-2024 10:28;card;ANON-0000-0000-0004;289;Americano;10
01-04-2024 10:29;card;ANON-0000-0000-0004;338;Americano with Milk;10
01-04-2024 10:30;card;ANON-0000-0000-0004;338;Americano with Milk;10
01-04-2024 11:15;card;ANON-0000-0000-0009;338;Americano with Milk;11
01-04-2024 17:01;cash;;400;Cappuccino;17
01-04-2024 18:18;card;ANON-0000-0000-0024;338;Americano with Milk;18
01-04-2024 18:45;card;ANON-0000-0000-0090;387;Hot Chocolate;18
02-04-2024 10:01;card;ANON-0000-0000-0001;387;Latte;10
02-04-2024 16:18;card;ANON-0000-0000-0003;289;Americano;16
02-04-2024 16:19;card;ANON-0000-0000-0003;289;Cortado;16
02-04-2024 19:59;cash;;400;Cappuccino;19
03-04-2024 7:19;card;ANON-0000-0000-0003;289;Cappuccino;7
03-04-2024 10:20;card;ANON-0000-0000-0003;289;Americano;10
03-04-2024 13:12;card;ANON-0000-0000-0012;387;Cappuccino;13
03-04-2024 15:36;cash;;300;Cortado;15
04-04-2024 10:44;card;ANON-0000-0000-0091;387;Latte;10
04-04-2024 11:26;card;ANON-0000-0000-0092;387;Latte;11
04-04-2024 11:27;card;ANON-0000-0000-0093;387;Cappuccino;11
04-04-2024 12:23;card;ANON-0000-0000-0094;289;Cortado;12
04-04-2024 19:42;cash;;400;Latte;19
05-04-2024 10:40;card;ANON-0000-0000-0095;289;Americano;10
05-04-2024 10:42;card;ANON-0000-0000-0012;289;Americano;10
05-04-2024 11:06;card;ANON-0000-0000-0096;289;Cortado;11
05-04-2024 12:14;card;ANON-0000-0000-0097;338;Americano with Milk;12
05-04-2024 14:23;card;ANON-0000-0000-0098;387;Latte;14
05-04-2024 14:24;card;ANON-0000-0000-0098;289;Cortado;14
05-04-2024 15:30;cash;;400;Latte;15
05-04-2024 15:54;cash;;400;Cappuccino;15
05-04-2024 15:55;cash;;300;Americano;15
05-04-2024 16:17;cash;;400;Cocoa;16
05-04-2024 16:18;card;ANON-0000-0000-0003;240;Espresso;16
06-04-2024 12:32;card;ANON-0000-0000-0099;338;Americano with Milk;12
06-04-2024 14:13;card;ANON-0000-0000-0040;387;Cappuccino;14
06-04-2024 14:14;card;ANON-0000-0000-0040;289;Americano;14
06-04-2024 14:49;card;ANON-0000-0000-0009;387;Latte;14
07-04-2024 10:12;card;ANON-0000-0000-0091;387;Latte;10
07-04-2024 12:44;card;ANON-0000-0000-0040;387;Cappuccino;12
07-04-2024 12:46;card;ANON-0000-0000-0040;387;Cappuccino;12
07-04-2024 14:16;card;ANON-0000-0000-0100;289;Cortado;14
07-04-2024 14:17;card;ANON-0000-0000-0100;240;Espresso;14
07-04-2024 18:01;card;ANON-0000-0000-0101;387;Hot Chocolate;18
07-04-2024 18:02;card;ANON-0000-0000-0101;338;Americano with Milk;18
08-04-2024 10:58;card;ANON-0000-0000-0102;338;Americano with Milk;10
08-04-2024 10:59;card;ANON-0000-0000-0103;387;Cappuccino;10
08-04-2024 11:01;card;ANON-0000-0000-0012;289;Americano;11
08-04-2024 11:04;card;ANON-0000-0000-0104;387;Cappuccino;11
08-04-2024 12:54;cash;;250;Espresso;12
08-04-2024 16:41;card;ANON-0000-0000-0017;387;Latte;16
08-04-2024 18:18;card;ANON-0000-0000-0105;289;Americano;18
08-04-2024 19:22;card;ANON-0000-0000-0024;338;Americano with Milk;19
08-04-2024 19:23;card;ANON-0000-0000-0106;387;Cappuccino;19
08-04-2024 20:43;cash;;350;Americano with Milk;20
09-04-2024 10:22;cash;;400;Cappuccino;10
09-04-2024 10:24;cash;;300;Americano;10
09-04-2024 11:42;card;ANON-0000-0000-0091;387;Latte;11
09-04-2024 15:11;card;ANON-0000-0000-0107;387;Hot Chocolate;15
09-04-2024 17:25;card;ANON-0000-0000-0049;387;Hot Chocolate;17
10-04-2024 10:21;cash;;250;Espresso;10
10-04-2024 11:04;card;ANON-0000-0000-0109;387;Latte;11
10-04-2024 17:55;cash;;400;Hot Chocolate;17
10-04-2024 17:55;card;ANON-0000-0000-0108;240;Espresso;17
10-04-2024 18:24;card;ANON-0000-0000-0009;387;Cappuccino;18
11-04-2024 10:41;card;ANON-0000-0000-0110;289;Americano;10
11-04-2024 10:42;card;ANON-0000-0000-0110;289;Americano;10
11-04-2024 16:35;card;ANON-0000-0000-0017;387;Latte;16
11-04-2024 19:16;card;ANON-0000-0000-0106;387;Cappuccino;19
11-04-2024 19:18;card;ANON-0000-0000-0024;338;Americano with Milk;19
12-04-2024 19:03;card;ANON-0000-0000-0019;387;Hot Chocolate;19
12-04-2024 19:38;card;ANON-0000-0000-0009;289;Cortado;19
13-04-2024 12:29;card;ANON-0000-0000-0009;387;Latte;12
13-04-2024 12:43;card;ANON-0000-0000-0012;289;Americano;12
13-04-2024 15:06;cash;;400;Hot Chocolate;15
13-04-2024 15:07;cash;;400;Hot Chocolate;15
13-04-2024 16:18;card;ANON-0000-0000-0111;387;Cappuccino;16
13-04-2024 16:19;card;ANON-0000-0000-0111;387;Latte;16
13-04-2024 17:51;card;ANON-0000-0000-0112;387;Cappuccino;17
13-04-2024 17:53;card;ANON-0000-0000-0012;387;Cappuccino;17
14-04-2024 10:55;cash;;400;Latte;10
14-04-2024 12:24;card;ANON-0000-0000-0113;387;Cappuccino;12
14-04-2024 12:31;cash;;350;Americano with Milk;12
14-04-2024 13:21;card;ANON-0000-0000-0114;289;Cortado;13
14-04-2024 14:23;card;ANON-0000-0000-0012;289;Americano;14
14-04-2024 14:24;card;ANON-0000-0000-0012;289;Americano;14
14-04-2024 14:25;card;ANON-0000-0000-0012;289;Americano;14
14-04-2024 15:27;cash;;300;Cappuccino;15
14-04-2024 15:29;cash;;300;Cappuccino;15
14-04-2024 15:46;card;ANON-0000-0000-0017;387;Cappuccino;15
14-04-2024 17:00;card;ANON-0000-0000-0019;387;Latte;17
14-04-2024 18:38;card;ANON-0000-0000-0115;387;Cappuccino;18
14-04-2024 20:59;card;ANON-0000-0000-0012;289;Cappuccino;20
15-04-2024 11:45;card;ANON-0000-0000-0064;289;Americano;11
15-04-2024 17:01;card;ANON-0000-0000-0003;289;Americano;17
15-04-2024 17:02;card;ANON-0000-0000-0004;338;Americano with Milk;17
15-04-2024 19:33;card;ANON-0000-0000-0009;338;Americano with Milk;19
15-04-2024 19:41;cash;;250;Espresso;19
16-04-2024 10:43;cash;;350;Americano with Milk;10
16-04-2024 10:46;card;ANON-0000-0000-0116;338;Americano with Milk;10
16-04-2024 12:40;card;ANON-0000-0000-0117;387;Cocoa;12
16-04-2024 12:52;card;ANON-0000-0000-0064;289;Cortado;12
16-04-2024 15:03;card;ANON-0000-0000-0118;289;Americano;15
16-04-2024 17:42;card;ANON-0000-0000-0024;338;Americano with Milk;17
16-04-2024 17:43;card;ANON-0000-0000-0009;387;Cappuccino;17
16-04-2024 18:09;card;ANON-0000-0000-0050;387;Cocoa;18
17-04-2024 13:33;card;ANON-0000-0000-0012;289;Americano;13
17-04-2024 13:44;card;ANON-0000-0000-0119;240;Espresso;13
17-04-2024 16:13;cash;;400;Cappuccino;16
17-04-2024 17:01;card;ANON-0000-0000-0120;387;Cappuccino;17
17-04-2024 17:02;card;ANON-0000-0000-0120;387;Cappuccino;17
17-04-2024 18:14;card;ANON-0000-0000-0121;289;Cortado;18
18-04-2024 11:19;card;ANON-0000-0000-0003;289;Americano;11
18-04-2024 11:20;card;ANON-0000-0000-0003;289;Americano;11
18-04-2024 13:49;card;ANON-0000-0000-0122;338;Americano with Milk;13
18-04-2024 13:50;card;ANON-0000-0000-0122;289;Cortado;13
18-04-2024 14:34;card;ANON-0000-0000-0123;387;Cappuccino;14
18-04-2024 14:35;card;ANON-0000-0000-0123;387;Latte;14
18-04-2024 17:44;card;ANON-0000-0000-0069;387;Latte;17
18-04-2024 18:21;card;ANON-0000-0000-0085;387;Cappuccino;18
18-04-2024 19:39;card;ANON-0000-0000-0024;387;Hot Chocolate;19
18-04-2024 19:40;card;ANON-0000-0000-0009;387;Hot Chocolate;19
19-04-2024 10:10;card;ANON-0000-0000-0001;387;Latte;10
19-04-2024 13:11;card;ANON-0000-0000-0040;338;Americano with Milk;13
19-04-2024 13:13;card;ANON-0000-0000-0040;387;Cappuccino;13
19-04-2024 13:58;card;ANON-0000-0000-0124;387;Hot Chocolate;13
19-04-2024 13:59;card;ANON-0000-0000-0124;387;Cappuccino;13
19-04-2024 18:23;card;ANON-0000-0000-0024;387;Cocoa;18
19-04-2024 18:25;card;ANON-0000-0000-0009;338;Americano with Milk;18
20-04-2024 11:24;cash;;350;Americano with Milk;11
20-04-2024 12:08;card;ANON-0000-0000-0125;338;Americano with Milk;12
20-04-2024 12:09;card;ANON-0000-0000-0125;338;Americano with Milk;12
20-04-2024 13:08;card;ANON-0000-0000-0118;289;Americano;13
20-04-2024 13:09;card;ANON-0000-0000-0118;338;Americano with Milk;13
20-04-2024 13:10;card;ANON-0000-0000-0118;387;Hot Chocolate;13
20-04-2024 14:44;card;ANON-0000-0000-0040;387;Cappuccino;14
20-04-2024 15:11;card;ANON-0000-0000-0009;338;Americano with Milk;15
20-04-2024 15:22;card;ANON-0000-0000-0012;3282;Americano with Milk;15
20-04-2024 15:49;card;ANON-0000-0000-0126;3282;Americano with Milk;15
20-04-2024 17:07;cash;;390;Cocoa;17
20-04-2024 18:27;card;ANON-0000-0000-0127;3772;Cappuccino;18
20-04-2024 18:28;card;ANON-0000-0000-0127;3772;Cappuccino;18
20-04-2024 19:30;card;ANON-0000-0000-0128;3772;Latte;19
21-04-2024 11:16;card;ANON-0000-0000-0001;3772;Latte;11
21-04-2024 14:15;card;ANON-0000-0000-0099;2792;Americano;14
21-04-2024 17:09;cash;;390;Cappuccino;17
22-04-2024 9:39;card;ANON-0000-0000-0009;3772;Latte;9
22-04-2024 11:09;card;ANON-0000-0000-0012;2792;Americano;11
22-04-2024 11:29;card;ANON-0000-0000-0129;3282;Americano with Milk;11
22-04-2024 18:40;cash;;390;Latte;18
22-04-2024 20:02;cash;;390;Cappuccino;20
23-04-2024 14:22;card;ANON-0000-0000-0025;3772;Cappuccino;14
23-04-2024 14:23;card;ANON-0000-0000-0024;3282;Americano with Milk;14
23-04-2024 14:24;card;ANON-0000-0000-0009;3772;Cappuccino;14
23-04-2024 19:42;card;ANON-0000-0000-0130;3282;Americano with Milk;19
23-04-2024 19:43;card;ANON-0000-0000-0130;3282;Americano with Milk;19
24-04-2024 10:19;card;ANON-0000-0000-0001;3772;Latte;10
24-04-2024 10:21;card;ANON-0000-0000-0131;3282;Americano with Milk;10
24-04-2024 11:23;card;ANON-0000-0000-0132;3282;Americano with Milk;11
24-04-2024 11:33;card;ANON-0000-0000-0133;3282;Americano with Milk;11
24-04-2024 12:39;card;ANON-0000-0000-0059;3282;Americano with Milk;12
24-04-2024 19:39;card;ANON-0000-0000-0134;3282;Americano with Milk;19
24-04-2024 20:39;card;ANON-0000-0000-0009;3282;Americano with Milk;20
24-04-2024 21:40;card;ANON-0000-0000-0134;3772;Cappuccino;21
25-04-2024 10:46;card;ANON-0000-0000-0135;2792;Americano;10
25-04-2024 15:18;card;ANON-0000-0000-0009;3772;Latte;15
25-04-2024 17:09;card;ANON-0000-0000-0012;2792;Americano;17
25-04-2024 17:10;card;ANON-0000-0000-0012;2792;Americano;17
26-04-2024 10:12;card;ANON-0000-0000-0001;3772;Latte;10
26-04-2024 12:01;card;ANON-0000-0000-0136;3772;Latte;12
26-04-2024 13:31;card;ANON-0000-0000-0137;3772;Cappuccino;13
26-04-2024 15:32;card;ANON-0000-0000-0012;2792;Americano;15
26-04-2024 15:33;card;ANON-0000-0000-0012;2792;Americano;15
26-04-2024 16:24;card;ANON-0000-0000-0139;2792;Americano;16
26-04-2024 19:32;card;ANON-0000-0000-0009;3772;Hot Chocolate;19
26-04-2024 19:33;card;ANON-0000-0000-0009;3772;Cocoa;19
26-04-2024 20:23;card;ANON-0000-0000-0138;2792;Cappuccino;20
27-04-2024 15:27;card;ANON-0000-0000-0009;3772;Cappuccino;15
28-04-2024 10:32;card;ANON-0000-0000-0001;3772;Latte;10
28-04-2024 12:30;card;ANON-0000-0000-0140;3772;Cappuccino;12
28-04-2024 18:27;card;ANON-0000-0000-0012;2792;Americano;18
28-04-2024 18:28;card;ANON-0000-0000-0012;2792;Americano;18
28-04-2024 18:29;card;ANON-0000-0000-0019;3772;Latte;18
29-04-2024 9:26;card;ANON-0000-0000-0141;2792;Cappuccino;9
29-04-2024 13:27;card;ANON-0000-0000-0003;2792;Americano;13
29-04-2024 13:28;card;ANON-0000-0000-0003;2792;Cortado;13
29-04-2024 13:53;card;ANON-0000-0000-0141;2792;Cortado;13
29-04-2024 13:54;card;ANON-0000-0000-0141;3282;Americano with Milk;13
29-04-2024 18:37;card;ANON-0000-0000-0140;3772;Cappuccino;18
29-04-2024 19:12;card;ANON-0000-0000-0134;3772;Cappuccino;19
29-04-2024 19:13;card;ANON-0000-0000-0134;3772;Cappuccino;19
30-04-2024 10:16;card;ANON-0000-0000-0142;3772;Latte;10
30-04-2024 10:34;card;ANON-0000-0000-0142;3282;Americano with Milk;10
30-04-2024 10:35;card;ANON-0000-0000-0142;3282;Americano with Milk;10
30-04-2024 13:41;card;ANON-0000-0000-0142;2792;Americano;13
30-04-2024 13:43;card;ANON-0000-0000-0142;3282;Americano with Milk;13
30-04-2024 19:30;card;ANON-0000-0000-0142;3282;Americano with Milk;19
30-04-2024 19:31;card;ANON-0000-0000-0142;3772;Latte;19
30-04-2024 21:19;card;ANON-0000-0000-0142;3772;Cappuccino;21
02-05-2024 9:19;card;ANON-0000-0000-0443;3282;Latte;9
02-05-2024 10:33;card;ANON-0000-0000-0446;3282;Latte;10
02-05-2024 11:29;card;ANON-0000-0000-0445;3282;Latte;11
02-05-2024 13:49;card;ANON-0000-0000-0444;3282;Latte;13
02-05-2024 18:36;card;ANON-0000-0000-0040;2792;Americano with Milk;18
02-05-2024 18:41;card;ANON-0000-0000-0443;2302;Cortado;18
02-05-2024 19:18;card;ANON-0000-0000-0153;3282;Cappuccino;19
03-05-2024 7:11;card;ANON-0000-0000-0443;2302;Cappuccino;7
03-05-2024 14:30;card;ANON-0000-0000-0442;3282;Cocoa;14
03-05-2024 17:03;card;ANON-0000-0000-0009;3282;Latte;17
06-05-2024 7:08;card;ANON-0000-0000-0439;2302;Cappuccino;7
06-05-2024 10:05;card;ANON-0000-0000-0441;2302;Cortado;10
06-05-2024 10:06;card;ANON-0000-0000-0440;3282;Latte;10
06-05-2024 10:09;card;ANON-0000-0000-0438;2792;Americano with Milk;10
06-05-2024 10:39;card;ANON-0000-0000-0384;3282;Latte;10
06-05-2024 11:34;card;ANON-0000-0000-0384;3282;Cocoa;11
06-05-2024 13:18;card;ANON-0000-0000-0276;2792;Americano with Milk;13
06-05-2024 13:19;card;ANON-0000-0000-0388;2302;Americano;13
06-05-2024 19:18;card;ANON-0000-0000-0388;2302;Americano;19
06-05-2024 19:19;card;ANON-0000-0000-0437;2792;Americano with Milk;19
07-05-2024 10:44;card;ANON-0000-0000-0437;2792;Americano with Milk;10
07-05-2024 11:21;card;ANON-0000-0000-0423;2792;Americano with Milk;11
07-05-2024 13:23;card;ANON-0000-0000-0436;3282;Cappuccino;13
07-05-2024 16:42;card;ANON-0000-0000-0436;2302;Americano;16
07-05-2024 16:55;card;ANON-0000-0000-0435;3282;Latte;16
07-05-2024 17:37;card;ANON-0000-0000-0347;2792;Americano with Milk;17
07-05-2024 17:38;card;ANON-0000-0000-0097;2792;Americano with Milk;17
07-05-2024 18:35;card;ANON-0000-0000-0097;2792;Americano with Milk;18
07-05-2024 19:12;card;ANON-0000-0000-0434;1812;Espresso;19
07-05-2024 19:13;card;ANON-0000-0000-0433;2792;Americano with Milk;19
08-05-2024 10:07;card;ANON-0000-0000-0433;2302;Cappuccino;10
09-05-2024 12:54;card;ANON-0000-0000-0432;2792;Americano with Milk;12
09-05-2024 13:03;card;ANON-0000-0000-0431;3282;Latte;13
09-05-2024 13:04;card;ANON-0000-0000-0430;2792;Americano with Milk;13
09-05-2024 13:06;card;ANON-0000-0000-0429;2792;Americano with Milk;13
09-05-2024 13:07;card;ANON-0000-0000-0428;2792;Americano with Milk;13
09-05-2024 16:55;card;ANON-0000-0000-0427;2792;Americano with Milk;16
09-05-2024 16:56;card;ANON-0000-0000-0426;1812;Espresso;16
09-05-2024 18:01;card;ANON-0000-0000-0426;2302;Americano;18
09-05-2024 18:13;card;ANON-0000-0000-0250;3282;Latte;18
10-05-2024 10:09;card;ANON-0000-0000-0276;2792;Americano with Milk;10
10-05-2024 15:46;card;ANON-0000-0000-0141;2302;Cortado;15
10-05-2024 15:47;card;ANON-0000-0000-0097;2792;Americano with Milk;15
10-05-2024 16:20;card;ANON-0000-0000-0425;3282;Cappuccino;16
11-05-2024 11:39;card;ANON-0000-0000-0424;2302;Cortado;11
11-05-2024 17:02;card;ANON-0000-0000-0423;2792;Americano with Milk;17
11-05-2024 17:20;card;ANON-0000-0000-0328;3282;Cocoa;17
11-05-2024 17:21;card;ANON-0000-0000-0099;2302;Americano;17
11-05-2024 17:23;card;ANON-0000-0000-0422;3282;Cappuccino;17
11-05-2024 17:28;card;ANON-0000-0000-0421;3282;Hot Chocolate;17
11-05-2024 18:35;card;ANON-0000-0000-0421;3282;Hot Chocolate;18
11-05-2024 19:38;card;ANON-0000-0000-0420;3282;Cappuccino;19
12-05-2024 10:20;card;ANON-0000-0000-0419;2792;Americano with Milk;10
12-05-2024 13:24;card;ANON-0000-0000-0003;2302;Americano;13
12-05-2024 13:27;card;ANON-0000-0000-0097;2792;Americano with Milk;13
12-05-2024 15:16;card;ANON-0000-0000-0012;2302;Americano;15
12-05-2024 15:38;card;ANON-0000-0000-0418;3282;Latte;15
12-05-2024 15:52;card;ANON-0000-0000-0276;3282;Latte;15
12-05-2024 19:41;card;ANON-0000-0000-0012;1812;Espresso;19
12-05-2024 20:04;card;ANON-0000-0000-0276;2792;Americano with Milk;20
13-05-2024 11:03;card;ANON-0000-0000-0417;3282;Cappuccino;11
13-05-2024 15:31;card;ANON-0000-0000-0009;3282;Latte;15
13-05-2024 15:31;card;ANON-0000-0000-0416;2792;Americano with Milk;15
14-05-2024 8:38;card;ANON-0000-0000-0416;2792;Americano with Milk;8
14-05-2024 8:39;card;ANON-0000-0000-0415;3282;Cappuccino;8
14-05-2024 8:40;card;ANON-0000-0000-0414;3282;Cappuccino;8
14-05-2024 10:19;card;ANON-0000-0000-0077;3282;Latte;10
14-05-2024 11:32;card;ANON-0000-0000-0225;1812;Espresso;11
14-05-2024 11:34;card;ANON-0000-0000-0059;2792;Americano with Milk;11
14-05-2024 14:04;card;ANON-0000-0000-0040;1812;Espresso;14
14-05-2024 14:06;card;ANON-0000-0000-0059;2792;Americano with Milk;14
14-05-2024 15:01;card;ANON-0000-0000-0413;2792;Americano with Milk;15
14-05-2024 16:57;card;ANON-0000-0000-0097;3282;Cappuccino;16
14-05-2024 20:59;card;ANON-0000-0000-0412;2792;Americano with Milk;20
14-05-2024 22:51;card;ANON-0000-0000-0009;3282;Latte;22
15-05-2024 8:40;card;ANON-0000-0000-0411;3282;Cappuccino;8
15-05-2024 11:14;card;ANON-0000-0000-0410;2302;Americano;11
15-05-2024 11:19;card;ANON-0000-0000-0409;3282;Latte;11
15-05-2024 13:34;card;ANON-0000-0000-0339;3282;Cappuccino;13
15-05-2024 13:35;card;ANON-0000-0000-0339;3282;Cappuccino;13
15-05-2024 13:36;card;ANON-0000-0000-0379;2792;Americano with Milk;13
15-05-2024 13:55;card;ANON-0000-0000-0385;2792;Americano with Milk;13
15-05-2024 14:38;card;ANON-0000-0000-0408;3282;Latte;14
15-05-2024 14:38;card;ANON-0000-0000-0408;3282;Latte;14
15-05-2024 14:39;card;ANON-0000-0000-0407;2302;Cortado;14
15-05-2024 17:28;card;ANON-0000-0000-0407;2302;Cortado;17
15-05-2024 20:20;card;ANON-0000-0000-0059;1812;Espresso;20
16-05-2024 7:44;card;ANON-0000-0000-0328;2302;Cappuccino;7
16-05-2024 10:38;card;ANON-0000-0000-0097;2792;Americano with Milk;10
16-05-2024 10:39;card;ANON-0000-0000-0406;3282;Latte;10
16-05-2024 11:42;card;ANON-0000-0000-0405;3282;Cocoa;11
16-05-2024 12:14;card;ANON-0000-0000-0404;1812;Espresso;12
16-05-2024 15:15;card;ANON-0000-0000-0404;2302;Cortado;15
16-05-2024 17:44;card;ANON-0000-0000-0257;3282;Cappuccino;17
16-05-2024 18:12;card;ANON-0000-0000-0403;3282;Cappuccino;18
16-05-2024 18:13;card;ANON-0000-0000-0375;2302;Americano;18
17-05-2024 7:55;card;ANON-0000-0000-0012;2302;Americano;7
17-05-2024 8:56;card;ANON-0000-0000-0040;2302;Americano;8
17-05-2024 9:00;card;ANON-0000-0000-0385;2792;Americano with Milk;9
17-05-2024 11:30;card;ANON-0000-0000-0399;3282;Latte;11
17-05-2024 14:58;card;ANON-0000-0000-0012;2302;Americano;14
17-05-2024 20:37;card;ANON-0000-0000-0040;2792;Americano with Milk;20
17-05-2024 22:34;card;ANON-0000-0000-0205;3282;Cappuccino;22
17-05-2024 22:36;card;ANON-0000-0000-0205;3282;Cappuccino;22
17-05-2024 22:37;card;ANON-0000-0000-0009;3282;Latte;22
18-05-2024 8:01;card;ANON-0000-0000-0012;1812;Espresso;8
18-05-2024 8:02;card;ANON-0000-0000-0399;3282;Latte;8
18-05-2024 11:15;card;ANON-0000-0000-0379;3282;Cappuccino;11
18-05-2024 16:48;card;ANON-0000-0000-0402;1812;Espresso;16
18-05-2024 16:49;card;ANON-0000-0000-0385;2792;Americano with Milk;16
18-05-2024 19:58;card;ANON-0000-0000-0097;2792;Americano with Milk;19
18-05-2024 20:22;card;ANON-0000-0000-0012;2302;Americano;20
18-05-2024 22:05;card;ANON-0000-0000-0012;2302;Americano;22
19-05-2024 7:58;card;ANON-0000-0000-0009;3282;Latte;7
19-05-2024 7:59;card;ANON-0000-0000-0401;3282;Latte;7
19-05-2024 8:00;card;ANON-0000-0000-0401;2792;Americano with Milk;8
19-05-2024 9:28;card;ANON-0000-0000-0400;2792;Americano with Milk;9
19-05-2024 12:14;card;ANON-0000-0000-0375;2302;Americano;12
19-05-2024 14:43;card;ANON-0000-0000-0399;3282;Latte;14
19-05-2024 15:58;card;ANON-0000-0000-0398;3282;Cocoa;15
19-05-2024 18:12;card;ANON-0000-0000-0397;2792;Americano with Milk;18
19-05-2024 18:13;card;ANON-0000-0000-0395;2302;Americano;18
19-05-2024 18:16;card;ANON-0000-0000-0197;3282;Latte;18
19-05-2024 19:51;card;ANON-0000-0000-0396;3282;Latte;19
19-05-2024 21:15;card;ANON-0000-0000-0385;2792;Americano with Milk;21
19-05-2024 21:18;card;ANON-0000-0000-0395;2302;Americano;21
20-05-2024 7:58;card;ANON-0000-0000-0393;2302;Cappuccino;7
20-05-2024 10:05;card;ANON-0000-0000-0375;2302;Americano;10
20-05-2024 10:17;card;ANON-0000-0000-0394;3282;Latte;10
20-05-2024 11:15;card;ANON-0000-0000-0392;3282;Cappuccino;11
20-05-2024 11:16;card;ANON-0000-0000-0367;3282;Cocoa;11
20-05-2024 11:36;card;ANON-0000-0000-0384;3282;Latte;11
20-05-2024 11:36;card;ANON-0000-0000-0384;3282;Latte;11
20-05-2024 13:27;card;ANON-0000-0000-0391;3282;Latte;13
20-05-2024 13:28;card;ANON-0000-0000-0390;2302;Americano;13
20-05-2024 14:13;card;ANON-0000-0000-0389;3282;Latte;14
20-05-2024 14:14;card;ANON-0000-0000-0388;3282;Latte;14
20-05-2024 14:32;card;ANON-0000-0000-0387;2302;Americano;14
20-05-2024 17:12;card;ANON-0000-0000-0387;3282;Latte;17
20-05-2024 17:13;card;ANON-0000-0000-0387;2302;Americano;17
20-05-2024 20:37;card;ANON-0000-0000-0384;3282;Latte;20
20-05-2024 20:46;card;ANON-0000-0000-0384;3282;Cocoa;20
20-05-2024 21:37;card;ANON-0000-0000-0386;2792;Americano with Milk;21
21-05-2024 8:27;card;ANON-0000-0000-0386;3282;Latte;8
21-05-2024 9:43;card;ANON-0000-0000-0385;2792;Americano with Milk;9
21-05-2024 9:44;card;ANON-0000-0000-0375;2302;Americano;9
21-05-2024 9:46;card;ANON-0000-0000-0384;3282;Latte;9
21-05-2024 10:05;card;ANON-0000-0000-0383;3282;Latte;10
21-05-2024 11:13;card;ANON-0000-0000-0375;3282;Latte;11
21-05-2024 16:10;card;ANON-0000-0000-0383;3282;Hot Chocolate;16
21-05-2024 18:13;card;ANON-0000-0000-0009;3282;Latte;18
21-05-2024 19:11;card;ANON-0000-0000-0382;3282;Cappuccino;19
22-05-2024 9:24;card;ANON-0000-0000-0375;2302;Americano;9
22-05-2024 9:34;card;ANON-0000-0000-0059;2302;Cortado;9
22-05-2024 10:49;card;ANON-0000-0000-0059;2302;Americano;10
22-05-2024 11:18;card;ANON-0000-0000-0059;2302;Americano;11
22-05-2024 11:34;card;ANON-0000-0000-0381;1812;Espresso;11
22-05-2024 12:29;card;ANON-0000-0000-0380;2792;Americano with Milk;12
22-05-2024 12:30;card;ANON-0000-0000-0379;2792;Americano with Milk;12
22-05-2024 14:00;card;ANON-0000-0000-0367;3282;Hot Chocolate;14
22-05-2024 19:24;card;ANON-0000-0000-0378;2792;Americano with Milk;19
22-05-2024 19:25;card;ANON-0000-0000-0377;3282;Cappuccino;19
22-05-2024 21:23;card;ANON-0000-0000-0376;3282;Latte;21
23-05-2024 7:42;card;ANON-0000-0000-0370;2302;Americano;7
23-05-2024 10:10;card;ANON-0000-0000-0374;3282;Latte;10
23-05-2024 12:22;card;ANON-0000-0000-0373;3282;Cappuccino;12
23-05-2024 15:55;card;ANON-0000-0000-0373;2792;Americano with Milk;15
23-05-2024 15:56;card;ANON-0000-0000-0373;2302;Americano;15
23-05-2024 16:18;card;ANON-0000-0000-0365;3282;Latte;16
23-05-2024 16:41;card;ANON-0000-0000-0365;3282;Latte;16
23-05-2024 17:14;card;ANON-0000-0000-0179;3282;Hot Chocolate;17
23-05-2024 17:15;card;ANON-0000-0000-0177;3282;Hot Chocolate;17
23-05-2024 19:03;card;ANON-0000-0000-0178;3282;Hot Chocolate;19
23-05-2024 19:17;card;ANON-0000-0000-0372;3282;Hot Chocolate;19
23-05-2024 19:18;card;ANON-0000-0000-0371;2302;Cortado;19
23-05-2024 20:15;card;ANON-0000-0000-0369;3282;Latte;20
23-05-2024 20:16;card;ANON-0000-0000-0368;2792;Americano with Milk;20
23-05-2024 22:48;card;ANON-0000-0000-0367;3282;Hot Chocolate;22
23-05-2024 22:55;card;ANON-0000-0000-0328;3282;Latte;22
24-05-2024 11:11;card;ANON-0000-0000-0366;2792;Americano with Milk;11
24-05-2024 11:15;card;ANON-0000-0000-0365;2302;Americano;11
24-05-2024 11:16;card;ANON-0000-0000-0364;2792;Americano with Milk;11
24-05-2024 16:07;card;ANON-0000-0000-0194;3282;Cappuccino;16
24-05-2024 18:17;card;ANON-0000-0000-0194;2792;Americano with Milk;18
24-05-2024 18:18;card;ANON-0000-0000-0276;2792;Americano with Milk;18
24-05-2024 22:30;card;ANON-0000-0000-0333;2792;Americano with Milk;22
25-05-2024 7:40;card;ANON-0000-0000-0019;3282;Latte;7
25-05-2024 12:13;card;ANON-0000-0000-0363;2792;Americano with Milk;12
25-05-2024 12:40;card;ANON-0000-0000-0362;2302;Americano;12
25-05-2024 12:42;card;ANON-0000-0000-0361;2302;Americano;12
25-05-2024 12:43;card;ANON-0000-0000-0360;3282;Latte;12
25-05-2024 12:58;card;ANON-0000-0000-0359;2792;Americano with Milk;12
25-05-2024 16:47;card;ANON-0000-0000-0358;3282;Hot Chocolate;16
25-05-2024 16:48;card;ANON-0000-0000-0357;3282;Cappuccino;16
26-05-2024 8:00;card;ANON-0000-0000-0009;3282;Latte;8
26-05-2024 8:59;card;ANON-0000-0000-0012;3282;Latte;8
26-05-2024 10:20;card;ANON-0000-0000-0356;3282;Latte;10
26-05-2024 12:03;card;ANON-0000-0000-0352;3772;Latte;12
26-05-2024 14:24;card;ANON-0000-0000-0355;3282;Cocoa;14
26-05-2024 14:26;card;ANON-0000-0000-0355;3282;Hot Chocolate;14
26-05-2024 14:40;card;ANON-0000-0000-0354;3282;Cappuccino;14
26-05-2024 18:09;card;ANON-0000-0000-0353;2792;Americano with Milk;18
26-05-2024 18:11;card;ANON-0000-0000-0353;2792;Americano with Milk;18
26-05-2024 18:13;card;ANON-0000-0000-0303;3282;Cappuccino;18
26-05-2024 18:39;card;ANON-0000-0000-0012;2792;Americano with Milk;18
26-05-2024 21:02;card;ANON-0000-0000-0009;3282;Latte;21
26-05-2024 21:04;card;ANON-0000-0000-0351;3282;Americano with Milk;21
26-05-2024 21:06;card;ANON-0000-0000-0351;3772;Cappuccino;21
26-05-2024 21:19;card;ANON-0000-0000-0354;3282;Cappuccino;21
27-05-2024 11:34;card;ANON-0000-0000-0350;2792;Americano;11
27-05-2024 12:30;card;ANON-0000-0000-0009;3772;Latte;12
27-05-2024 14:05;card;ANON-0000-0000-0350;2792;Americano;14
27-05-2024 14:06;card;ANON-0000-0000-0349;2302;Espresso;14
27-05-2024 15:11;card;ANON-0000-0000-0099;2792;Americano;15
27-05-2024 15:14;card;ANON-0000-0000-0348;2302;Espresso;15
27-05-2024 18:00;card;ANON-0000-0000-0040;3282;Americano with Milk;18
27-05-2024 19:16;card;ANON-0000-0000-0058;3772;Cocoa;19
27-05-2024 19:17;card;ANON-0000-0000-0012;2792;Americano;19
27-05-2024 20:50;card;ANON-0000-0000-0347;3282;Americano with Milk;20
27-05-2024 21:29;card;ANON-0000-0000-0143;3282;Americano with Milk;21
28-05-2024 8:37;card;ANON-0000-0000-0346;3772;Cappuccino;8
28-05-2024 9:20;card;ANON-0000-0000-0345;2302;Espresso;9
28-05-2024 11:48;card;ANON-0000-0000-0270;3772;Latte;11
28-05-2024 13:14;card;ANON-0000-0000-0344;3282;Americano with Milk;13
28-05-2024 14:10;card;ANON-0000-0000-0270;3282;Americano with Milk;14
28-05-2024 16:25;card;ANON-0000-0000-0343;3772;Cappuccino;16
28-05-2024 17:21;card;ANON-0000-0000-0342;3772;Cappuccino;17
28-05-2024 19:09;card;ANON-0000-0000-0012;3282;Americano with Milk;19
28-05-2024 19:10;card;ANON-0000-0000-0329;3282;Americano with Milk;19
28-05-2024 20:24;card;ANON-0000-0000-0341;3282;Americano with Milk;20
28-05-2024 20:50;card;ANON-0000-0000-0340;2792;Americano;20
29-05-2024 9:14;card;ANON-0000-0000-0019;3772;Latte;9
29-05-2024 10:48;card;ANON-0000-0000-0304;2792;Americano;10
29-05-2024 11:14;card;ANON-0000-0000-0304;3282;Americano with Milk;11
29-05-2024 15:10;card;ANON-0000-0000-0339;3772;Cappuccino;15
29-05-2024 15:22;card;ANON-0000-0000-0338;3772;Cappuccino;15
29-05-2024 15:45;card;ANON-0000-0000-0012;2302;Espresso;15
29-05-2024 16:45;card;ANON-0000-0000-0097;3282;Americano with Milk;16
29-05-2024 18:24;card;ANON-0000-0000-0009;3772;Hot Chocolate;18
29-05-2024 18:24;card;ANON-0000-0000-0337;2302;Espresso;18
29-05-2024 20:30;card;ANON-0000-0000-0336;3772;Latte;20
29-05-2024 20:32;card;ANON-0000-0000-0009;3772;Latte;20
30-05-2024 8:29;card;ANON-0000-0000-0335;3772;Hot Chocolate;8
30-05-2024 8:30;card;ANON-0000-0000-0335;3772;Cappuccino;8
30-05-2024 8:37;card;ANON-0000-0000-0334;3772;Cappuccino;8
30-05-2024 9:47;card;ANON-0000-0000-0334;3772;Cappuccino;9
30-05-2024 14:56;card;ANON-0000-0000-0333;3282;Americano with Milk;14
30-05-2024 15:16;card;ANON-0000-0000-0333;3282;Americano with Milk;15
30-05-2024 15:17;card;ANON-0000-0000-0097;3282;Americano with Milk;15
30-05-2024 19:53;card;ANON-0000-0000-0332;3772;Cappuccino;19
30-05-2024 20:31;card;ANON-0000-0000-0331;3772;Latte;20
30-05-2024 20:46;card;ANON-0000-0000-0330;3282;Americano with Milk;20
30-05-2024 20:47;card;ANON-0000-0000-0274;2302;Espresso;20
31-05-2024 7:53;card;ANON-0000-0000-0141;2792;Cortado;7
31-05-2024 9:21;card;ANON-0000-0000-0329;3772;Cappuccino;9
31-05-2024 9:23;card;ANON-0000-0000-0328;3282;Americano with Milk;9
31-05-2024 10:38;card;ANON-0000-0000-0327;2792;Cappuccino;10
31-05-2024 10:39;card;ANON-0000-0000-0326;3282;Americano with Milk;10
31-05-2024 14:50;card;ANON-0000-0000-0206;3282;Americano with Milk;14
31-05-2024 18:23;card;ANON-0000-0000-0009;3772;Cappuccino;18
31-05-2024 18:25;card;ANON-0000-0000-0009;3772;Latte;18
31-05-2024 20:06;card;ANON-0000-0000-0325;2792;Americano;20
31-05-2024 20:33;card;ANON-0000-0000-0324;2302;Espresso;20
31-05-2024 20:34;card;ANON-0000-0000-0323;3772;Latte;20
31-05-2024 22:05;card;ANON-0000-0000-0203;3772;Cappuccino;22
31-05-2024 22:06;card;ANON-0000-0000-0040;3282;Americano with Milk;22
31-05-2024 22:07;card;ANON-0000-0000-0012;3282;Americano with Milk;22
01-06-2024 8:27;card;ANON-0000-0000-0322;3772;Latte;8
01-06-2024 9:48;card;ANON-0000-0000-0203;3772;Cappuccino;9
01-06-2024 11:38;card;ANON-0000-0000-0203;3772;Cappuccino;11
01-06-2024 14:28;card;ANON-0000-0000-0321;3772;Latte;14
01-06-2024 18:20;card;ANON-0000-0000-0180;3772;Cappuccino;18
01-06-2024 18:21;card;ANON-0000-0000-0180;3772;Cappuccino;18
01-06-2024 20:50;card;ANON-0000-0000-0164;3282;Americano with Milk;20
01-06-2024 20:51;card;ANON-0000-0000-0320;3772;Cappuccino;20
01-06-2024 20:54;card;ANON-0000-0000-0320;3772;Latte;20
01-06-2024 20:59;card;ANON-0000-0000-0319;3772;Cappuccino;20
01-06-2024 21:51;card;ANON-0000-0000-0012;3282;Americano with Milk;21
02-06-2024 11:25;card;ANON-0000-0000-0009;3772;Latte;11
02-06-2024 20:03;card;ANON-0000-0000-0012;3282;Americano with Milk;20
02-06-2024 20:24;card;ANON-0000-0000-0318;3772;Cappuccino;20
02-06-2024 21:07;card;ANON-0000-0000-0317;3282;Americano with Milk;21
02-06-2024 21:30;card;ANON-0000-0000-0311;3282;Americano with Milk;21
02-06-2024 22:43;card;ANON-0000-0000-0141;2792;Cortado;22
03-06-2024 10:12;card;ANON-0000-0000-0311;3282;Americano with Milk;10
03-06-2024 10:27;card;ANON-0000-0000-0180;2792;Americano;10
03-06-2024 12:43;card;ANON-0000-0000-0009;3772;Latte;12
03-06-2024 14:31;card;ANON-0000-0000-0180;3772;Cappuccino;14
03-06-2024 14:33;card;ANON-0000-0000-0180;3772;Cappuccino;14
03-06-2024 14:34;card;ANON-0000-0000-0154;3772;Cappuccino;14
03-06-2024 21:42;card;ANON-0000-0000-0154;3772;Cappuccino;21
04-06-2024 9:23;card;ANON-0000-0000-0316;2302;Espresso;9
04-06-2024 10:27;card;ANON-0000-0000-0012;3282;Americano with Milk;10
04-06-2024 12:02;card;ANON-0000-0000-0012;3282;Americano with Milk;12
04-06-2024 12:05;card;ANON-0000-0000-0315;2792;Americano;12
04-06-2024 12:31;card;ANON-0000-0000-0314;3772;Latte;12
04-06-2024 15:30;card;ANON-0000-0000-0311;3772;Latte;15
04-06-2024 17:46;card;ANON-0000-0000-0009;3282;Americano with Milk;17
04-06-2024 17:47;card;ANON-0000-0000-0009;3772;Latte;17
04-06-2024 20:13;card;ANON-0000-0000-0257;3772;Latte;20
04-06-2024 20:50;card;ANON-0000-0000-0314;3772;Latte;20
04-06-2024 21:33;card;ANON-0000-0000-0097;3772;Latte;21
04-06-2024 21:34;card;ANON-0000-0000-0192;3282;Americano with Milk;21
04-06-2024 21:36;card;ANON-0000-0000-0192;3772;Cappuccino;21
04-06-2024 21:37;card;ANON-0000-0000-0009;3282;Americano with Milk;21
05-06-2024 8:21;card;ANON-0000-0000-0153;3772;Latte;8
05-06-2024 8:23;card;ANON-0000-0000-0153;3772;Cappuccino;8
05-06-2024 8:43;card;ANON-0000-0000-0312;2792;Americano;8
05-06-2024 9:22;card;ANON-0000-0000-0164;3282;Americano with Milk;9
05-06-2024 10:28;card;ANON-0000-0000-0313;3772;Cocoa;10
05-06-2024 10:40;card;ANON-0000-0000-0313;3772;Latte;10
05-06-2024 19:59;card;ANON-0000-0000-0141;2792;Cortado;19
05-06-2024 20:10;card;ANON-0000-0000-0311;3772;Latte;20
05-06-2024 20:12;card;ANON-0000-0000-0012;3282;Americano with Milk;20
06-06-2024 8:52;card;ANON-0000-0000-0012;3282;Americano with Milk;8
06-06-2024 8:54;card;ANON-0000-0000-0310;2792;Cortado;8
06-06-2024 10:36;card;ANON-0000-0000-0154;3772;Cappuccino;10
06-06-2024 12:17;card;ANON-0000-0000-0154;3772;Cappuccino;12
06-06-2024 15:24;card;ANON-0000-0000-0299;2792;Americano;15
06-06-2024 21:11;card;ANON-0000-0000-0299;3772;Cappuccino;21
06-06-2024 21:14;card;ANON-0000-0000-0009;3282;Americano with Milk;21
06-06-2024 21:15;card;ANON-0000-0000-0309;2792;Americano;21
06-06-2024 21:18;card;ANON-0000-0000-0012;2792;Americano;21
06-06-2024 21:19;card;ANON-0000-0000-0012;3772;Cappuccino;21
06-06-2024 21:21;card;ANON-0000-0000-0012;3772;Cappuccino;21
07-06-2024 8:18;card;ANON-0000-0000-0164;3772;Cappuccino;8
07-06-2024 10:35;card;ANON-0000-0000-0042;3772;Cappuccino;10
07-06-2024 13:34;card;ANON-0000-0000-0308;2792;Cortado;13
07-06-2024 16:45;card;ANON-0000-0000-0308;2792;Cortado;16
07-06-2024 16:47;card;ANON-0000-0000-0307;2792;Americano;16
08-06-2024 9:04;card;ANON-0000-0000-0059;3282;Americano with Milk;9
08-06-2024 9:26;card;ANON-0000-0000-0059;3282;Americano with Milk;9
08-06-2024 20:24;card;ANON-0000-0000-0306;3772;Hot Chocolate;20
08-06-2024 20:25;card;ANON-0000-0000-0305;3772;Hot Chocolate;20
09-06-2024 8:15;card;ANON-0000-0000-0304;3282;Americano with Milk;8
09-06-2024 10:30;card;ANON-0000-0000-0304;3282;Americano with Milk;10
09-06-2024 10:52;card;ANON-0000-0000-0274;2302;Espresso;10
09-06-2024 11:04;card;ANON-0000-0000-0276;3282;Americano with Milk;11
09-06-2024 11:07;card;ANON-0000-0000-0303;3772;Hot Chocolate;11
09-06-2024 11:52;card;ANON-0000-0000-0303;3772;Hot Chocolate;11
09-06-2024 12:11;card;ANON-0000-0000-0303;3772;Latte;12
09-06-2024 12:13;card;ANON-0000-0000-0059;3282;Americano with Milk;12
09-06-2024 12:14;card;ANON-0000-0000-0302;2792;Americano;12
09-06-2024 15:10;card;ANON-0000-0000-0301;3282;Americano with Milk;15
09-06-2024 16:17;card;ANON-0000-0000-0300;3282;Americano with Milk;16
09-06-2024 19:21;card;ANON-0000-0000-0300;3772;Cocoa;19
09-06-2024 21:05;card;ANON-0000-0000-0300;2302;Espresso;21
10-06-2024 9:37;card;ANON-0000-0000-0097;3772;Latte;9
10-06-2024 12:47;card;ANON-0000-0000-0300;3282;Americano with Milk;12
10-06-2024 19:04;card;ANON-0000-0000-0299;3772;Cappuccino;19
10-06-2024 19:05;card;ANON-0000-0000-0298;3282;Americano with Milk;19
10-06-2024 19:38;card;ANON-0000-0000-0297;2792;Americano;19
10-06-2024 20:56;card;ANON-0000-0000-0300;3772;Latte;20
11-06-2024 7:38;card;ANON-0000-0000-0141;2792;Cappuccino;7
11-06-2024 18:48;card;ANON-0000-0000-0009;3282;Americano with Milk;18
11-06-2024 18:49;card;ANON-0000-0000-0009;3282;Americano with Milk;18
11-06-2024 21:17;card;ANON-0000-0000-0295;2302;Espresso;21
11-06-2024 21:27;card;ANON-0000-0000-0012;2302;Espresso;21
11-06-2024 21:28;card;ANON-0000-0000-0012;3282;Americano with Milk;21
12-06-2024 10:18;card;ANON-0000-0000-0296;3772;Latte;10
12-06-2024 11:51;card;ANON-0000-0000-0295;3772;Hot Chocolate;11
12-06-2024 17:47;card;ANON-0000-0000-0141;2792;Cortado;17
12-06-2024 20:16;card;ANON-0000-0000-0293;3282;Americano with Milk;20
12-06-2024 20:25;card;ANON-0000-0000-0097;3772;Latte;20
12-06-2024 20:41;card;ANON-0000-0000-0294;3282;Americano with Milk;20
13-06-2024 8:54;card;ANON-0000-0000-0292;2792;Americano;8
13-06-2024 8:57;card;ANON-0000-0000-0291;3282;Americano with Milk;8
13-06-2024 9:50;card;ANON-0000-0000-0256;3772;Hot Chocolate;9
13-06-2024 9:57;card;ANON-0000-0000-0290;3772;Latte;9
13-06-2024 11:48;card;ANON-0000-0000-0285;3772;Latte;11
13-06-2024 12:02;card;ANON-0000-0000-0285;3772;Latte;12
13-06-2024 13:04;card;ANON-0000-0000-0283;3772;Latte;13
13-06-2024 17:27;card;ANON-0000-0000-0289;3772;Cappuccino;17
13-06-2024 19:22;card;ANON-0000-0000-0288;3772;Hot Chocolate;19
13-06-2024 20:20;card;ANON-0000-0000-0287;3282;Americano with Milk;20
13-06-2024 20:43;card;ANON-0000-0000-0287;3282;Americano with Milk;20
13-06-2024 20:45;card;ANON-0000-0000-0286;3772;Hot Chocolate;20
14-06-2024 7:46;card;ANON-0000-0000-0284;3282;Americano with Milk;7
14-06-2024 10:30;card;ANON-0000-0000-0283;3772;Latte;10
14-06-2024 18:29;card;ANON-0000-0000-0282;3772;Hot Chocolate;18
14-06-2024 20:14;card;ANON-0000-0000-0283;3772;Latte;20
15-06-2024 11:26;card;ANON-0000-0000-0282;3772;Hot Chocolate;11
15-06-2024 12:21;card;ANON-0000-0000-0097;3772;Latte;12
15-06-2024 12:22;card;ANON-0000-0000-0281;3772;Cappuccino;12
15-06-2024 12:23;card;ANON-0000-0000-0280;2792;Americano;12
15-06-2024 12:24;card;ANON-0000-0000-0279;3282;Americano with Milk;12
15-06-2024 12:25;card;ANON-0000-0000-0278;3772;Cappuccino;12
15-06-2024 16:03;card;ANON-0000-0000-0277;2792;Cortado;16
15-06-2024 18:14;card;ANON-0000-0000-0276;3772;Latte;18
16-06-2024 10:43;card;ANON-0000-0000-0276;3772;Latte;10
16-06-2024 10:58;card;ANON-0000-0000-0276;3282;Americano with Milk;10
16-06-2024 11:00;card;ANON-0000-0000-0275;3772;Cappuccino;11
16-06-2024 11:01;card;ANON-0000-0000-0274;2302;Espresso;11
16-06-2024 12:49;card;ANON-0000-0000-0141;2792;Cortado;12
16-06-2024 14:00;card;ANON-0000-0000-0273;3772;Cappuccino;14
16-06-2024 15:02;card;ANON-0000-0000-0272;3772;Latte;15
16-06-2024 15:05;card;ANON-0000-0000-0097;3772;Latte;15
16-06-2024 15:44;card;ANON-0000-0000-0134;3772;Cappuccino;15
16-06-2024 17:45;card;ANON-0000-0000-0097;3282;Americano with Milk;17
16-06-2024 17:46;card;ANON-0000-0000-0271;2792;Cortado;17
16-06-2024 21:47;card;ANON-0000-0000-0134;3772;Cappuccino;21
17-06-2024 8:57;card;ANON-0000-0000-0270;2792;Cortado;8
17-06-2024 10:12;card;ANON-0000-0000-0270;2792;Cortado;10
17-06-2024 10:13;card;ANON-0000-0000-0164;3282;Americano with Milk;10
17-06-2024 10:50;card;ANON-0000-0000-0267;3772;Latte;10
17-06-2024 10:55;card;ANON-0000-0000-0269;2302;Espresso;10
17-06-2024 12:16;card;ANON-0000-0000-0267;3772;Latte;12
17-06-2024 14:51;card;ANON-0000-0000-0268;3772;Cappuccino;14
17-06-2024 16:51;card;ANON-0000-0000-0206;3282;Americano with Milk;16
17-06-2024 18:51;card;ANON-0000-0000-0267;3772;Latte;18
17-06-2024 22:52;card;ANON-0000-0000-0206;3772;Cappuccino;22
18-06-2024 14:04;card;ANON-0000-0000-0266;3772;Cappuccino;14
18-06-2024 14:05;card;ANON-0000-0000-0224;3282;Americano with Milk;14
18-06-2024 19:20;card;ANON-0000-0000-0265;2792;Americano;19
18-06-2024 19:21;card;ANON-0000-0000-0001;3772;Latte;19
18-06-2024 20:35;card;ANON-0000-0000-0097;3282;Americano with Milk;20
18-06-2024 21:20;card;ANON-0000-0000-0097;3282;Americano with Milk;21
18-06-2024 21:22;card;ANON-0000-0000-0220;2792;Cortado;21
19-06-2024 7:28;card;ANON-0000-0000-0261;3772;Cappuccino;7
19-06-2024 7:47;card;ANON-0000-0000-0220;3772;Cocoa;7
19-06-2024 8:17;card;ANON-0000-0000-0264;3772;Latte;8
19-06-2024 10:54;card;ANON-0000-0000-0263;3282;Americano with Milk;10
19-06-2024 11:11;card;ANON-0000-0000-0097;3282;Americano with Milk;11
19-06-2024 11:12;card;ANON-0000-0000-0001;3772;Latte;11
19-06-2024 14:21;card;ANON-0000-0000-0262;2792;Americano;14
19-06-2024 18:29;card;ANON-0000-0000-0261;3772;Cappuccino;18
19-06-2024 19:31;card;ANON-0000-0000-0260;3282;Americano with Milk;19
19-06-2024 21:28;card;ANON-0000-0000-0260;3282;Americano with Milk;21
19-06-2024 21:30;card;ANON-0000-0000-0260;3282;Americano with Milk;21
20-06-2024 10:50;card;ANON-0000-0000-0259;3282;Americano with Milk;10
20-06-2024 18:59;card;ANON-0000-0000-0258;2792;Cortado;18
20-06-2024 19:00;card;ANON-0000-0000-0257;3772;Cappuccino;19
20-06-2024 21:39;card;ANON-0000-0000-0256;3772;Hot Chocolate;21
20-06-2024 21:57;card;ANON-0000-0000-0192;3772;Cappuccino;21
20-06-2024 21:59;card;ANON-0000-0000-0192;2792;Cortado;21
21-06-2024 9:48;card;ANON-0000-0000-0009;3772;Latte;9
21-06-2024 9:59;card;ANON-0000-0000-0255;3772;Latte;9
21-06-2024 10:01;card;ANON-0000-0000-0254;3772;Hot Chocolate;10
21-06-2024 13:19;card;ANON-0000-0000-0254;3772;Latte;13
21-06-2024 13:20;card;ANON-0000-0000-0097;3282;Americano with Milk;13
21-06-2024 18:12;card;ANON-0000-0000-0141;2792;Cortado;18
21-06-2024 19:30;cash;;340;Americano with Milk;19
21-06-2024 19:47;cash;;340;Americano with Milk;19
21-06-2024 19:49;card;ANON-0000-0000-0024;3282;Americano with Milk;19
21-06-2024 19:51;card;ANON-0000-0000-0025;3772;Cappuccino;19
21-06-2024 19:52;card;ANON-0000-0000-0191;3772;Latte;19
21-06-2024 19:55;card;ANON-0000-0000-0001;3772;Latte;19
22-06-2024 8:39;cash;;340;Americano with Milk;8
22-06-2024 9:37;card;ANON-0000-0000-0253;3772;Latte;9
22-06-2024 12:53;card;ANON-0000-0000-0097;3282;Americano with Milk;12
22-06-2024 15:37;card;ANON-0000-0000-0040;3772;Cappuccino;15
22-06-2024 22:10;card;ANON-0000-0000-0040;3282;Americano with Milk;22
23-06-2024 18:12;card;ANON-0000-0000-0009;3772;Latte;18
23-06-2024 18:13;card;ANON-0000-0000-0009;3282;Americano with Milk;18
23-06-2024 21:06;card;ANON-0000-0000-0252;3772;Cocoa;21
23-06-2024 21:29;cash;;390;Cocoa;21
23-06-2024 21:30;card;ANON-0000-0000-0154;3772;Cappuccino;21
24-06-2024 10:47;card;ANON-0000-0000-0232;3772;Latte;10
24-06-2024 11:44;card;ANON-0000-0000-0154;3772;Cappuccino;11
24-06-2024 11:49;card;ANON-0000-0000-0251;3282;Americano with Milk;11
24-06-2024 11:50;card;ANON-0000-0000-0251;3282;Americano with Milk;11
24-06-2024 15:02;card;ANON-0000-0000-0097;3282;Americano with Milk;15
24-06-2024 16:46;card;ANON-0000-0000-0250;3772;Latte;16
25-06-2024 8:19;card;ANON-0000-0000-0141;2792;Cortado;8
25-06-2024 10:28;card;ANON-0000-0000-0206;2792;Cortado;10
25-06-2024 10:29;card;ANON-0000-0000-0206;3282;Americano with Milk;10
25-06-2024 11:34;card;ANON-0000-0000-0206;3772;Cappuccino;11
26-06-2024 9:33;card;ANON-0000-0000-0134;3772;Latte;9
26-06-2024 11:21;card;ANON-0000-0000-0250;3772;Latte;11
26-06-2024 16:32;card;ANON-0000-0000-0134;3282;Americano with Milk;16
26-06-2024 16:34;card;ANON-0000-0000-0180;3772;Cappuccino;16
26-06-2024 21:27;card;ANON-0000-0000-0250;3772;Latte;21
26-06-2024 21:28;card;ANON-0000-0000-0249;3282;Americano with Milk;21
27-06-2024 9:15;card;ANON-0000-0000-0248;3772;Cocoa;9
27-06-2024 12:44;cash;;390;Latte;12
27-06-2024 12:50;card;ANON-0000-0000-0246;3772;Latte;12
27-06-2024 16:11;card;ANON-0000-0000-0247;3772;Hot Chocolate;16
28-06-2024 8:08;card;ANON-0000-0000-0245;3282;Americano with Milk;8
28-06-2024 11:52;card;ANON-0000-0000-0244;3772;Latte;11
28-06-2024 20:51;card;ANON-0000-0000-0009;3282;Americano with Milk;20
28-06-2024 21:50;card;ANON-0000-0000-0009;3772;Hot Chocolate;21
28-06-2024 22:28;card;ANON-0000-0000-0206;3772;Cappuccino;22
29-06-2024 9:47;card;ANON-0000-0000-0012;2302;Espresso;9
29-06-2024 11:40;card;ANON-0000-0000-0243;2302;Espresso;11
29-06-2024 11:41;card;ANON-0000-0000-0097;3282;Americano with Milk;11
29-06-2024 12:30;card;ANON-0000-0000-0001;3772;Latte;12
29-06-2024 12:31;card;ANON-0000-0000-0242;3282;Americano with Milk;12
29-06-2024 13:23;card;ANON-0000-0000-0241;3772;Latte;13
29-06-2024 17:24;card;ANON-0000-0000-0241;3772;Cappuccino;17
29-06-2024 21:27;card;ANON-0000-0000-0240;3772;Cocoa;21
30-06-2024 10:28;card;ANON-0000-0000-0239;3772;Hot Chocolate;10
30-06-2024 13:05;card;ANON-0000-0000-0238;3772;Latte;13
30-06-2024 16:54;card;ANON-0000-0000-0238;2792;Cortado;16
30-06-2024 21:04;card;ANON-0000-0000-0237;3772;Latte;21
01-07-2024 8:07;card;ANON-0000-0000-0236;3772;Cappuccino;8
01-07-2024 18:56;card;ANON-0000-0000-0235;3772;Latte;18
01-07-2024 18:57;card;ANON-0000-0000-0234;2792;Americano;18
02-07-2024 10:42;card;ANON-0000-0000-0233;3772;Hot Chocolate;10
02-07-2024 10:45;cash;;390;Latte;10
02-07-2024 12:48;card;ANON-0000-0000-0232;3772;Latte;12
02-07-2024 14:03;card;ANON-0000-0000-0012;2792;Americano;14
02-07-2024 16:31;card;ANON-0000-0000-0009;3282;Americano with Milk;16
02-07-2024 22:02;card;ANON-0000-0000-0231;3772;Latte;22
03-07-2024 13:51;card;ANON-0000-0000-0231;2792;Americano;13
03-07-2024 16:01;cash;;390;Cappuccino;16
03-07-2024 16:50;card;ANON-0000-0000-0141;2792;Cortado;16
03-07-2024 16:53;card;ANON-0000-0000-0194;3772;Cocoa;16
03-07-2024 16:54;card;ANON-0000-0000-0230;3772;Cappuccino;16
03-07-2024 16:55;card;ANON-0000-0000-0229;3772;Cappuccino;16
03-07-2024 16:59;card;ANON-0000-0000-0097;3282;Americano with Milk;16
03-07-2024 17:59;card;ANON-0000-0000-0012;3282;Americano with Milk;17
03-07-2024 19:06;card;ANON-0000-0000-0206;3772;Cappuccino;19
04-07-2024 10:26;card;ANON-0000-0000-0192;3282;Americano with Milk;10
04-07-2024 10:27;card;ANON-0000-0000-0228;3772;Latte;10
05-07-2024 12:20;card;ANON-0000-0000-0227;3772;Latte;12
05-07-2024 13:43;card;ANON-0000-0000-0226;2792;Americano;13
05-07-2024 13:44;card;ANON-0000-0000-0203;3772;Latte;13
05-07-2024 18:55;card;ANON-0000-0000-0225;2792;Americano;18
05-07-2024 19:55;card;ANON-0000-0000-0225;2792;Americano;19
05-07-2024 22:11;card;ANON-0000-0000-0224;3772;Cocoa;22
05-07-2024 22:18;card;ANON-0000-0000-0224;3282;Americano with Milk;22
05-07-2024 22:18;card;ANON-0000-0000-0012;2792;Americano;22
05-07-2024 22:20;card;ANON-0000-0000-0223;3772;Cappuccino;22
05-07-2024 22:21;card;ANON-0000-0000-0221;3772;Latte;22
06-07-2024 10:28;card;ANON-0000-0000-0222;3772;Cappuccino;10
06-07-2024 17:15;card;ANON-0000-0000-0221;2792;Cortado;17
06-07-2024 17:17;card;ANON-0000-0000-0220;3772;Cappuccino;17
06-07-2024 19:09;card;ANON-0000-0000-0220;3772;Hot Chocolate;19
06-07-2024 19:10;card;ANON-0000-0000-0219;3772;Latte;19
07-07-2024 9:04;card;ANON-0000-0000-0218;2792;Americano;9
07-07-2024 9:14;card;ANON-0000-0000-0218;3772;Hot Chocolate;9
07-07-2024 9:15;card;ANON-0000-0000-0218;3772;Hot Chocolate;9
07-07-2024 9:28;card;ANON-0000-0000-0217;3772;Cappuccino;9
07-07-2024 9:29;card;ANON-0000-0000-0216;3282;Americano with Milk;9
07-07-2024 14:56;card;ANON-0000-0000-0215;2792;Cortado;14
07-07-2024 14:57;card;ANON-0000-0000-0214;3282;Americano with Milk;14
07-07-2024 17:07;card;ANON-0000-0000-0001;3772;Latte;17
07-07-2024 19:33;card;ANON-0000-0000-0040;2792;Americano;19
07-07-2024 20:01;card;ANON-0000-0000-0040;3282;Americano with Milk;20
07-07-2024 22:33;card;ANON-0000-0000-0213;3282;Americano with Milk;22
08-07-2024 7:33;card;ANON-0000-0000-0212;3282;Americano with Milk;7
08-07-2024 12:02;card;ANON-0000-0000-0212;3282;Americano with Milk;12
08-07-2024 14:40;cash;;290;Americano;14
08-07-2024 19:30;card;ANON-0000-0000-0211;3772;Latte;19
08-07-2024 22:14;cash;;290;Americano;22
09-07-2024 7:40;card;ANON-0000-0000-0209;2792;Cappuccino;7
09-07-2024 10:26;card;ANON-0000-0000-0210;3282;Americano with Milk;10
09-07-2024 11:21;card;ANON-0000-0000-0209;2792;Cortado;11
09-07-2024 11:22;card;ANON-0000-0000-0081;3772;Hot Chocolate;11
09-07-2024 16:43;card;ANON-0000-0000-0012;2792;Americano;16
10-07-2024 11:10;card;ANON-0000-0000-0012;2792;Americano;11
10-07-2024 12:28;card;ANON-0000-0000-0141;2792;Cortado;12
10-07-2024 22:13;cash;;390;Hot Chocolate;22
11-07-2024 11:27;card;ANON-0000-0000-0208;3282;Americano with Milk;11
11-07-2024 16:48;card;ANON-0000-0000-0207;3772;Latte;16
11-07-2024 22:22;card;ANON-0000-0000-0207;3772;Cappuccino;22
11-07-2024 22:30;card;ANON-0000-0000-0206;3772;Cappuccino;22
12-07-2024 8:03;card;ANON-0000-0000-0205;3772;Cappuccino;8
12-07-2024 11:48;card;ANON-0000-0000-0134;3772;Cappuccino;11
12-07-2024 22:33;card;ANON-0000-0000-0204;2792;Cortado;22
12-07-2024 22:34;card;ANON-0000-0000-0153;3772;Latte;22
12-07-2024 22:35;card;ANON-0000-0000-0153;3772;Cappuccino;22
13-07-2024 10:38;card;ANON-0000-0000-0077;3772;Latte;10
13-07-2024 11:41;card;ANON-0000-0000-0180;3772;Cappuccino;11
14-07-2024 10:54;card;ANON-0000-0000-0203;3772;Cappuccino;10
14-07-2024 10:55;card;ANON-0000-0000-0180;3772;Cappuccino;10
14-07-2024 10:56;card;ANON-0000-0000-0202;2302;Espresso;10
14-07-2024 10:57;card;ANON-0000-0000-0201;3772;Cappuccino;10
14-07-2024 11:02;card;ANON-0000-0000-0180;3772;Cappuccino;11
14-07-2024 22:31;card;ANON-0000-0000-0180;3772;Hot Chocolate;22
15-07-2024 7:33;card;ANON-0000-0000-0134;3772;Cappuccino;7
16-07-2024 12:23;card;ANON-0000-0000-0134;3772;Cappuccino;12
16-07-2024 19:29;card;ANON-0000-0000-0009;3282;Americano with Milk;19
17-07-2024 13:05;card;ANON-0000-0000-0012;2792;Americano;13
18-07-2024 9:33;card;ANON-0000-0000-0141;2792;Cappuccino;9
18-07-2024 11:10;card;ANON-0000-0000-0012;2792;Americano;11
18-07-2024 11:11;card;ANON-0000-0000-0097;3282;Americano with Milk;11
18-07-2024 11:19;card;ANON-0000-0000-0197;3772;Latte;11
18-07-2024 11:22;cash;;390;Latte;11
18-07-2024 11:34;card;ANON-0000-0000-0191;3282;Americano with Milk;11
18-07-2024 11:35;card;ANON-0000-0000-0200;3772;Cappuccino;11
18-07-2024 13:23;card;ANON-0000-0000-0199;3772;Cappuccino;13
18-07-2024 18:18;card;ANON-0000-0000-0198;3772;Cappuccino;18
18-07-2024 19:30;card;ANON-0000-0000-0012;2302;Espresso;19
18-07-2024 21:46;cash;;390;Cocoa;21
19-07-2024 11:03;cash;;340;Americano with Milk;11
19-07-2024 11:16;cash;;290;Americano;11
19-07-2024 12:58;card;ANON-0000-0000-0196;3772;Latte;12
19-07-2024 12:59;card;ANON-0000-0000-0012;3282;Americano with Milk;12
19-07-2024 14:11;card;ANON-0000-0000-0195;2792;Cortado;14
19-07-2024 16:36;card;ANON-0000-0000-0194;3772;Cocoa;16
19-07-2024 16:37;card;ANON-0000-0000-0194;3282;Americano with Milk;16
19-07-2024 20:09;card;ANON-0000-0000-0012;3282;Americano with Milk;20
20-07-2024 8:05;card;ANON-0000-0000-0193;3772;Latte;8
20-07-2024 8:06;card;ANON-0000-0000-0120;3772;Latte;8
20-07-2024 8:07;cash;;290;Americano;8
20-07-2024 9:00;card;ANON-0000-0000-0192;3772;Cappuccino;9
20-07-2024 9:02;card;ANON-0000-0000-0192;3282;Americano with Milk;9
20-07-2024 10:39;card;ANON-0000-0000-0003;2792;Americano;10
20-07-2024 15:15;card;ANON-0000-0000-0003;2792;Americano;15
21-07-2024 10:30;card;ANON-0000-0000-0143;2792;Americano;10
21-07-2024 11:39;card;ANON-0000-0000-0143;2792;Americano;11
21-07-2024 13:34;card;ANON-0000-0000-0001;3772;Latte;13
21-07-2024 13:42;card;ANON-0000-0000-0191;3772;Latte;13
22-07-2024 8:13;card;ANON-0000-0000-0190;3282;Americano with Milk;8
22-07-2024 8:40;card;ANON-0000-0000-0189;3772;Cappuccino;8
22-07-2024 10:15;card;ANON-0000-0000-0188;3772;Cappuccino;10
22-07-2024 16:44;card;ANON-0000-0000-0187;3772;Cappuccino;16
23-07-2024 8:12;card;ANON-0000-0000-0186;3772;Hot Chocolate;8
23-07-2024 8:40;card;ANON-0000-0000-0186;2302;Espresso;8
23-07-2024 8:44;card;ANON-0000-0000-0186;3282;Americano with Milk;8
23-07-2024 8:49;card;ANON-0000-0000-0185;3282;Americano with Milk;8
23-07-2024 8:51;card;ANON-0000-0000-0012;2792;Americano;8
23-07-2024 9:01;card;ANON-0000-0000-0184;3282;Americano with Milk;9
23-07-2024 10:03;cash;;240;Espresso;10
23-07-2024 15:20;card;ANON-0000-0000-0183;3772;Cappuccino;15
23-07-2024 15:21;card;ANON-0000-0000-0182;2792;Americano;15
23-07-2024 16:01;card;ANON-0000-0000-0182;2792;Americano;16
23-07-2024 21:23;cash;;390;Cappuccino;21
23-07-2024 21:24;card;ANON-0000-0000-0009;3772;Latte;21
24-07-2024 9:16;card;ANON-0000-0000-0040;3282;Americano with Milk;9
24-07-2024 9:38;card;ANON-0000-0000-0097;3282;Americano with Milk;9
24-07-2024 9:54;card;ANON-0000-0000-0172;3282;Americano with Milk;9
24-07-2024 11:43;card;ANON-0000-0000-0181;3282;Americano with Milk;11
24-07-2024 13:55;card;ANON-0000-0000-0180;3772;Cappuccino;13
24-07-2024 14:45;card;ANON-0000-0000-0180;3772;Cappuccino;14
24-07-2024 15:18;card;ANON-0000-0000-0179;3772;Latte;15
24-07-2024 19:15;card;ANON-0000-0000-0178;3772;Latte;19
24-07-2024 19:17;card;ANON-0000-0000-0177;2792;Americano;19
24-07-2024 21:17;card;ANON-0000-0000-0176;3772;Cappuccino;21
24-07-2024 21:18;card;ANON-0000-0000-0009;3772;Cappuccino;21
24-07-2024 21:25;card;ANON-0000-0000-0012;3282;Americano with Milk;21
25-07-2024 7:54;cash;;340;Americano with Milk;7
25-07-2024 8:49;card;ANON-0000-0000-0164;3282;Americano with Milk;8
25-07-2024 10:29;card;ANON-0000-0000-0033;2792;Americano;10
25-07-2024 11:26;card;ANON-0000-0000-0175;3772;Latte;11
25-07-2024 11:39;cash;;390;Latte;11
25-07-2024 15:25;card;ANON-0000-0000-0175;3772;Hot Chocolate;15
25-07-2024 19:21;card;ANON-0000-0000-0069;3772;Latte;19
25-07-2024 21:06;card;ANON-0000-0000-0174;3772;Hot Chocolate;21
25-07-2024 21:06;card;ANON-0000-0000-0173;3282;Americano with Milk;21
25-07-2024 22:38;cash;;390;Cappuccino;22
26-07-2024 8:33;card;ANON-0000-0000-0172;3282;Americano with Milk;8
26-07-2024 9:19;card;ANON-0000-0000-0097;3282;Americano with Milk;9
26-07-2024 9:20;card;ANON-0000-0000-0171;3772;Cappuccino;9
26-07-2024 9:33;card;ANON-0000-0000-0170;2302;Espresso;9
26-07-2024 9:34;card;ANON-0000-0000-0012;2792;Cortado;9
26-07-2024 9:59;card;ANON-0000-0000-0169;2792;Cortado;9
26-07-2024 10:00;cash;;290;Americano;10
26-07-2024 11:47;card;ANON-0000-0000-0164;3282;Americano with Milk;11
26-07-2024 12:07;card;ANON-0000-0000-0003;2792;Americano;12
26-07-2024 12:28;card;ANON-0000-0000-0003;2792;Americano;12
26-07-2024 12:29;card;ANON-0000-0000-0003;2792;Americano;12
26-07-2024 13:09;card;ANON-0000-0000-0012;2792;Americano;13
26-07-2024 17:23;card;ANON-0000-0000-0012;2302;Espresso;17
26-07-2024 17:58;card;ANON-0000-0000-0168;3772;Latte;17
26-07-2024 21:15;card;ANON-0000-0000-0167;3772;Hot Chocolate;21
26-07-2024 22:49;card;ANON-0000-0000-0166;3772;Cappuccino;22
27-07-2024 9:09;card;ANON-0000-0000-0166;3282;Americano with Milk;9
27-07-2024 11:55;card;ANON-0000-0000-0040;2792;Americano;11
27-07-2024 12:02;card;ANON-0000-0000-0012;2792;Americano;12
27-07-2024 12:25;card;ANON-0000-0000-0009;3282;Americano with Milk;12
27-07-2024 12:26;card;ANON-0000-0000-0025;3772;Cappuccino;12
27-07-2024 12:33;card;ANON-0000-0000-0165;3772;Cappuccino;12
27-07-2024 14:28;card;ANON-0000-0000-0165;3772;Latte;14
27-07-2024 14:51;card;ANON-0000-0000-0012;3772;Cappuccino;14
27-07-2024 17:03;card;ANON-0000-0000-0012;2792;Americano;17
27-07-2024 17:09;card;ANON-0000-0000-0012;2792;Americano;17
27-07-2024 17:10;cash;;290;Americano;17
27-07-2024 20:55;cash;;290;Americano;20
27-07-2024 22:56;card;ANON-0000-0000-0164;3282;Americano with Milk;22
28-07-2024 11:07;card;ANON-0000-0000-0009;3282;Americano with Milk;11
28-07-2024 14:17;card;ANON-0000-0000-0012;3282;Americano with Milk;14
28-07-2024 14:18;card;ANON-0000-0000-0163;3282;Americano with Milk;14
29-07-2024 8:12;card;ANON-0000-0000-0162;3282;Americano with Milk;8
29-07-2024 9:04;card;ANON-0000-0000-0077;3772;Latte;9
29-07-2024 9:15;card;ANON-0000-0000-0161;2792;Americano;9
29-07-2024 9:19;card;ANON-0000-0000-0160;3772;Latte;9
29-07-2024 9:51;card;ANON-0000-0000-0001;3772;Latte;9
29-07-2024 9:58;card;ANON-0000-0000-0159;3772;Latte;9
29-07-2024 10:43;card;ANON-0000-0000-0115;3772;Cappuccino;10
29-07-2024 10:44;card;ANON-0000-0000-0012;3282;Americano with Milk;10
29-07-2024 19:06;card;ANON-0000-0000-0040;3772;Cappuccino;19
29-07-2024 19:30;card;ANON-0000-0000-0026;3772;Cocoa;19
29-07-2024 21:57;card;ANON-0000-0000-0009;3282;Americano with Milk;21
30-07-2024 7:41;cash;;390;Latte;7
30-07-2024 8:05;card;ANON-0000-0000-0069;3772;Latte;8
30-07-2024 8:20;cash;;340;Americano with Milk;8
30-07-2024 9:13;card;ANON-0000-0000-0158;3772;Latte;9
30-07-2024 10:17;card;ANON-0000-0000-0158;3772;Latte;10
30-07-2024 10:19;cash;;390;Latte;10
30-07-2024 10:23;card;ANON-0000-0000-0143;3282;Americano with Milk;10
30-07-2024 11:12;card;ANON-0000-0000-0157;2792;Americano;11
30-07-2024 11:13;card;ANON-0000-0000-0118;2792;Americano;11
30-07-2024 11:14;card;ANON-0000-0000-0118;2792;Americano;11
30-07-2024 11:16;card;ANON-0000-0000-0156;3772;Latte;11
30-07-2024 11:30;card;ANON-0000-0000-0156;3772;Latte;11
30-07-2024 11:31;card;ANON-0000-0000-0156;3772;Latte;11
30-07-2024 12:08;card;ANON-0000-0000-0156;2792;Americano;12
30-07-2024 15:16;card;ANON-0000-0000-0155;3772;Cappuccino;15
30-07-2024 16:08;card;ANON-0000-0000-0001;3772;Latte;16
30-07-2024 16:09;card;ANON-0000-0000-0154;3772;Cappuccino;16
30-07-2024 20:24;card;ANON-0000-0000-0154;3772;Cappuccino;20
30-07-2024 20:53;cash;;340;Americano with Milk;20
30-07-2024 20:54;card;ANON-0000-0000-0153;3772;Latte;20
30-07-2024 20:57;card;ANON-0000-0000-0153;3772;Cappuccino;20
30-07-2024 21:33;card;ANON-0000-0000-0152;2792;Americano;21
30-07-2024 22:15;card;ANON-0000-0000-0148;3772;Cocoa;22
30-07-2024 22:16;card;ANON-0000-0000-0077;2792;Cortado;22
31-07-2024 7:59;card;ANON-0000-0000-0141;2792;Cortado;7
31-07-2024 8:37;card;ANON-0000-0000-0148;3772;Cocoa;8
31-07-2024 8:38;card;ANON-0000-0000-0151;3772;Cappuccino;8
31-07-2024 9:54;card;ANON-0000-0000-0151;3772;Cappuccino;9
31-07-2024 9:55;card;ANON-0000-0000-0148;2792;Americano;9
31-07-2024 9:58;card;ANON-0000-0000-0148;2792;Cortado;9
31-07-2024 11:52;card;ANON-0000-0000-0145;3772;Latte;11
31-07-2024 12:46;card;ANON-0000-0000-0146;3772;Latte;12
31-07-2024 12:50;cash;;390;Latte;12
31-07-2024 13:11;cash;;290;Americano;13
31-07-2024 13:14;card;ANON-0000-0000-0141;2792;Cortado;13
31-07-2024 13:24;card;ANON-0000-0000-0150;2792;Americano;13
31-07-2024 17:48;card;ANON-0000-0000-0149;3282;Americano with Milk;17
31-07-2024 18:04;card;ANON-0000-0000-0149;3772;Cappuccino;18
31-07-2024 19:28;card;ANON-0000-0000-0147;3772;Latte;19
31-07-2024 20:22;card;ANON-0000-0000-0148;2792;Americano;20
31-07-2024 20:51;card;ANON-0000-0000-0145;3772;Cappuccino;20
31-07-2024 20:53;card;ANON-0000-0000-0024;3282;Americano with Milk;20
31-07-2024 20:59;card;ANON-0000-0000-0144;3772;Cappuccino;20
31-07-2024 21:26;card;ANON-0000-0000-0133;3282;Americano with Milk;21
31-07-2024 21:54;cash;;390;Latte;21
31-07-2024 21:55;card;ANON-0000-0000-0143;2792;Americano;21
01-08-2024 7:31;card;ANON-0000-0000-0423;2792;Americano with Milk;7
01-08-2024 9:25;card;ANON-0000-0000-0276;2792;Americano with Milk;9
01-08-2024 11:04;card;ANON-0000-0000-0097;2792;Americano with Milk;11
01-08-2024 11:22;card;ANON-0000-0000-0447;2792;Americano with Milk;11
01-08-2024 13:22;card;ANON-0000-0000-0448;2302;Cortado;13
01-08-2024 13:23;card;ANON-0000-0000-0448;3282;Cappuccino;13
01-08-2024 13:49;card;ANON-0000-0000-0449;3282;Cappuccino;13
01-08-2024 16:26;card;ANON-0000-0000-0450;2302;Americano;16
01-08-2024 17:23;card;ANON-0000-0000-0451;2302;Americano;17
01-08-2024 20:24;card;ANON-0000-0000-0450;2792;Americano with Milk;20
01-08-2024 20:41;card;ANON-0000-0000-0452;3282;Cappuccino;20
01-08-2024 20:43;card;ANON-0000-0000-0423;2792;Americano with Milk;20
02-08-2024 9:01;card;ANON-0000-0000-0453;2792;Americano with Milk;9
02-08-2024 9:09;card;ANON-0000-0000-0141;2302;Cappuccino;9
02-08-2024 9:35;card;ANON-0000-0000-0097;2792;Americano with Milk;9
02-08-2024 18:08;card;ANON-0000-0000-0454;2792;Americano with Milk;18
02-08-2024 20:23;card;ANON-0000-0000-0009;3282;Latte;20
03-08-2024 7:20;card;ANON-0000-0000-0455;2302;Cappuccino;7
03-08-2024 8:21;card;ANON-0000-0000-0455;2302;Cappuccino;8
03-08-2024 8:53;card;ANON-0000-0000-0097;2792;Americano with Milk;8
03-08-2024 9:37;card;ANON-0000-0000-0401;2792;Americano with Milk;9
03-08-2024 9:38;card;ANON-0000-0000-0401;2792;Americano with Milk;9
03-08-2024 10:12;card;ANON-0000-0000-0304;2792;Americano with Milk;10
03-08-2024 11:56;card;ANON-0000-0000-0040;1812;Espresso;11
03-08-2024 11:57;card;ANON-0000-0000-0040;2792;Americano with Milk;11
03-08-2024 12:03;card;ANON-0000-0000-0040;2792;Americano with Milk;12
03-08-2024 16:54;card;ANON-0000-0000-0322;2792;Americano with Milk;16
03-08-2024 18:38;card;ANON-0000-0000-0456;3282;Cappuccino;18
03-08-2024 21:30;card;ANON-0000-0000-0457;3282;Latte;21
03-08-2024 21:33;card;ANON-0000-0000-0457;3282;Latte;21
04-08-2024 8:18;card;ANON-0000-0000-0458;3282;Cappuccino;8
04-08-2024 10:37;card;ANON-0000-0000-0040;2792;Americano with Milk;10
04-08-2024 11:50;card;ANON-0000-0000-0258;3282;Cappuccino;11
04-08-2024 11:52;card;ANON-0000-0000-0258;2792;Americano with Milk;11
04-08-2024 15:33;card;ANON-0000-0000-0268;3282;Cappuccino;15
04-08-2024 15:35;card;ANON-0000-0000-0268;3282;Cappuccino;15
05-08-2024 8:50;card;ANON-0000-0000-0459;2302;Cortado;8
05-08-2024 9:19;card;ANON-0000-0000-0097;2792;Americano with Milk;9
05-08-2024 9:34;card;ANON-0000-0000-0009;3282;Latte;9
05-08-2024 11:20;card;ANON-0000-0000-0375;2302;Cortado;11
05-08-2024 13:45;card;ANON-0000-0000-0460;3282;Cappuccino;13
05-08-2024 16:05;card;ANON-0000-0000-0461;3282;Latte;16
05-08-2024 16:07;card;ANON-0000-0000-0461;3282;Latte;16
05-08-2024 17:44;card;ANON-0000-0000-0462;3282;Latte;17
05-08-2024 17:45;card;ANON-0000-0000-0462;2792;Americano with Milk;17
05-08-2024 19:20;card;ANON-0000-0000-0019;3282;Latte;19
05-08-2024 20:49;card;ANON-0000-0000-0463;3282;Cocoa;20
05-08-2024 20:50;card;ANON-0000-0000-0463;3282;Cocoa;20
05-08-2024 22:43;card;ANON-0000-0000-0464;2792;Americano with Milk;22
06-08-2024 7:21;card;ANON-0000-0000-0375;2302;Cappuccino;7
06-08-2024 10:32;card;ANON-0000-0000-0465;3282;Hot Chocolate;10
06-08-2024 12:04;card;ANON-0000-0000-0468;3282;Latte;12
06-08-2024 17:40;card;ANON-0000-0000-0466;3282;Cappuccino;17
06-08-2024 17:42;card;ANON-0000-0000-0466;3282;Latte;17
06-08-2024 17:44;card;ANON-0000-0000-0466;3282;Cocoa;17
06-08-2024 19:04;card;ANON-0000-0000-0019;3282;Latte;19
06-08-2024 19:05;card;ANON-0000-0000-0467;2792;Americano with Milk;19
07-08-2024 8:55;card;ANON-0000-0000-0453;2792;Americano with Milk;8
07-08-2024 9:36;card;ANON-0000-0000-0009;3282;Latte;9
07-08-2024 12:12;card;ANON-0000-0000-0003;2302;Americano;12
07-08-2024 12:13;card;ANON-0000-0000-0003;2302;Americano;12
07-08-2024 13:11;card;ANON-0000-0000-0469;1812;Espresso;13
07-08-2024 16:19;card;ANON-0000-0000-0470;2302;Americano;16
07-08-2024 20:40;card;ANON-0000-0000-0442;3282;Cocoa;20
07-08-2024 21:18;card;ANON-0000-0000-0328;3282;Cappuccino;21
07-08-2024 22:28;card;ANON-0000-0000-0471;3282;Latte;22
07-08-2024 22:32;card;ANON-0000-0000-0472;3282;Latte;22
08-08-2024 8:46;card;ANON-0000-0000-0141;1812;Espresso;8
08-08-2024 8:47;card;ANON-0000-0000-0141;2302;Cortado;8
08-08-2024 12:27;card;ANON-0000-0000-0420;2792;Americano with Milk;12
08-08-2024 12:43;card;ANON-0000-0000-0141;2302;Cortado;12
08-08-2024 12:44;card;ANON-0000-0000-0141;2302;Cortado;12
08-08-2024 16:57;card;ANON-0000-0000-0473;3282;Cappuccino;16
08-08-2024 17:17;card;ANON-0000-0000-0474;3282;Cappuccino;17
08-08-2024 21:25;card;ANON-0000-0000-0311;2792;Americano with Milk;21
09-08-2024 7:13;card;ANON-0000-0000-0141;2302;Cappuccino;7
09-08-2024 7:35;card;ANON-0000-0000-0475;3282;Latte;7
09-08-2024 9:53;card;ANON-0000-0000-0476;2302;Americano;9
09-08-2024 10:26;card;ANON-0000-0000-0311;2792;Americano with Milk;10
09-08-2024 11:28;card;ANON-0000-0000-0475;3282;Latte;11
09-08-2024 11:29;card;ANON-0000-0000-0477;2302;Americano;11
09-08-2024 18:56;card;ANON-0000-0000-0478;2302;Americano;18
09-08-2024 19:03;card;ANON-0000-0000-0479;3282;Hot Chocolate;19
10-08-2024 8:36;card;ANON-0000-0000-0480;3282;Cappuccino;8
10-08-2024 8:37;card;ANON-0000-0000-0480;2792;Americano with Milk;8
10-08-2024 8:45;card;ANON-0000-0000-0141;2302;Cortado;8
10-08-2024 9:52;card;ANON-0000-0000-0012;2302;Cappuccino;9
10-08-2024 11:54;card;ANON-0000-0000-0012;2302;Americano;11
10-08-2024 12:15;card;ANON-0000-0000-0481;3282;Latte;12
10-08-2024 12:33;card;ANON-0000-0000-0463;2792;Americano with Milk;12
10-08-2024 16:06;card;ANON-0000-0000-0009;3282;Latte;16
10-08-2024 21:16;card;ANON-0000-0000-0482;3282;Cocoa;21
10-08-2024 21:17;card;ANON-0000-0000-0482;3282;Cocoa;21
10-08-2024 21:37;card;ANON-0000-0000-0442;3282;Cocoa;21
11-08-2024 9:52;card;ANON-0000-0000-0440;3282;Latte;9
11-08-2024 9:53;card;ANON-0000-0000-0440;3282;Latte;9
11-08-2024 10:17;card;ANON-0000-0000-0347;2792;Americano with Milk;10
11-08-2024 11:41;card;ANON-0000-0000-0475;3282;Latte;11
11-08-2024 11:56;card;ANON-0000-0000-0480;3282;Cappuccino;11
11-08-2024 11:57;card;ANON-0000-0000-0480;2792;Americano with Milk;11
11-08-2024 12:20;card;ANON-0000-0000-0141;2302;Cortado;12
11-08-2024 15:53;card;ANON-0000-0000-0483;3282;Latte;15
11-08-2024 15:55;card;ANON-0000-0000-0484;2792;Americano with Milk;15
11-08-2024 15:56;card;ANON-0000-0000-0484;3282;Cocoa;15
11-08-2024 16:27;card;ANON-0000-0000-0414;3282;Cappuccino;16
11-08-2024 16:28;card;ANON-0000-0000-0485;1812;Espresso;16
11-08-2024 21:30;card;ANON-0000-0000-0486;2302;Cortado;21
11-08-2024 21:43;card;ANON-0000-0000-0487;3282;Latte;21
11-08-2024 22:39;card;ANON-0000-0000-0488;3282;Cappuccino;22
12-08-2024 8:26;card;ANON-0000-0000-0367;3282;Hot Chocolate;8
12-08-2024 11:15;card;ANON-0000-0000-0489;2792;Americano with Milk;11
12-08-2024 11:19;card;ANON-0000-0000-0490;2302;Americano;11
12-08-2024 11:20;card;ANON-0000-0000-0490;3282;Latte;11
12-08-2024 11:44;card;ANON-0000-0000-0491;3282;Latte;11
12-08-2024 14:04;card;ANON-0000-0000-0492;1812;Espresso;14
12-08-2024 14:05;card;ANON-0000-0000-0492;2792;Americano with Milk;14
12-08-2024 15:33;card;ANON-0000-0000-0493;2792;Americano with Milk;15
12-08-2024 18:05;card;ANON-0000-0000-0097;2792;Americano with Milk;18
12-08-2024 21:25;card;ANON-0000-0000-0097;2792;Americano with Milk;21
12-08-2024 21:37;card;ANON-0000-0000-0494;3282;Latte;21
12-08-2024 22:58;card;ANON-0000-0000-0134;3282;Cappuccino;22
12-08-2024 22:59;card;ANON-0000-0000-0134;3282;Cappuccino;22
13-08-2024 8:44;card;ANON-0000-0000-0495;2792;Americano with Milk;8
13-08-2024 9:14;card;ANON-0000-0000-0097;2792;Americano with Milk;9
13-08-2024 9:45;card;ANON-0000-0000-0385;2792;Americano with Milk;9
13-08-2024 10:42;card;ANON-0000-0000-0141;2302;Cortado;10
13-08-2024 11:59;card;ANON-0000-0000-0496;3282;Latte;11
13-08-2024 13:01;card;ANON-0000-0000-0497;2792;Americano with Milk;13
13-08-2024 14:45;card;ANON-0000-0000-0494;3282;Latte;14
13-08-2024 15:47;card;ANON-0000-0000-0498;3282;Cappuccino;15
13-08-2024 15:55;card;ANON-0000-0000-0097;2792;Americano with Milk;15
13-08-2024 20:29;card;ANON-0000-0000-0499;3282;Latte;20
13-08-2024 20:30;card;ANON-0000-0000-0499;3282;Cocoa;20
13-08-2024 20:44;card;ANON-0000-0000-0500;3282;Cappuccino;20
13-08-2024 21:00;card;ANON-0000-0000-0501;2302;Cortado;21
14-08-2024 7:35;card;ANON-0000-0000-0475;3282;Latte;7
14-08-2024 7:36;card;ANON-0000-0000-0472;3282;Cappuccino;7
14-08-2024 9:34;card;ANON-0000-0000-0012;3282;Latte;9
14-08-2024 10:09;card;ANON-0000-0000-0141;2302;Cortado;10
14-08-2024 11:39;card;ANON-0000-0000-0095;1812;Espresso;11
14-08-2024 12:49;card;ANON-0000-0000-0502;2302;Americano;12
14-08-2024 12:51;card;ANON-0000-0000-0450;2302;Americano;12
14-08-2024 15:21;card;ANON-0000-0000-0503;3282;Latte;15
14-08-2024 17:24;card;ANON-0000-0000-0504;2302;Americano;17
14-08-2024 18:10;card;ANON-0000-0000-0505;2302;Cortado;18
14-08-2024 18:59;card;ANON-0000-0000-0506;2792;Americano with Milk;18
14-08-2024 19:35;card;ANON-0000-0000-0012;2302;Cortado;19
14-08-2024 21:41;card;ANON-0000-0000-0507;3282;Latte;21
15-08-2024 9:36;card;ANON-0000-0000-0141;2302;Cortado;9
15-08-2024 9:37;card;ANON-0000-0000-0508;3282;Cappuccino;9
15-08-2024 9:38;card;ANON-0000-0000-0509;3282;Hot Chocolate;9
15-08-2024 9:38;card;ANON-0000-0000-0509;3282;Latte;9
15-08-2024 12:38;card;ANON-0000-0000-0232;3282;Latte;12
15-08-2024 13:48;card;ANON-0000-0000-0510;3282;Latte;13
15-08-2024 14:17;card;ANON-0000-0000-0012;2302;Americano;14
15-08-2024 14:18;card;ANON-0000-0000-0012;1812;Espresso;14
15-08-2024 19:10;card;ANON-0000-0000-0512;3282;Hot Chocolate;19
15-08-2024 19:11;card;ANON-0000-0000-0512;2792;Americano with Milk;19
15-08-2024 19:41;card;ANON-0000-0000-0513;2792;Americano with Milk;19
15-08-2024 20:40;card;ANON-0000-0000-0514;3282;Cappuccino;20
15-08-2024 20:42;card;ANON-0000-0000-0513;2302;Americano;20
15-08-2024 20:53;card;ANON-0000-0000-0511;2792;Americano with Milk;20
15-08-2024 21:35;card;ANON-0000-0000-0040;1812;Espresso;21
15-08-2024 21:36;card;ANON-0000-0000-0040;2792;Americano with Milk;21
16-08-2024 12:29;card;ANON-0000-0000-0513;3282;Latte;12
16-08-2024 12:54;card;ANON-0000-0000-0515;2302;Americano;12
16-08-2024 13:36;card;ANON-0000-0000-0429;2792;Americano with Milk;13
16-08-2024 15:18;card;ANON-0000-0000-0012;1812;Espresso;15
16-08-2024 15:19;card;ANON-0000-0000-0012;1812;Espresso;15
17-08-2024 9:16;card;ANON-0000-0000-0097;2792;Americano with Milk;9
17-08-2024 9:18;card;ANON-0000-0000-0516;3282;Cappuccino;9
17-08-2024 10:53;card;ANON-0000-0000-0517;2792;Americano with Milk;10
17-08-2024 11:58;card;ANON-0000-0000-0141;2302;Cortado;11
17-08-2024 11:59;card;ANON-0000-0000-0141;2302;Cortado;11
17-08-2024 13:18;card;ANON-0000-0000-0518;2792;Americano with Milk;13
17-08-2024 16:31;card;ANON-0000-0000-0277;2302;Cortado;16
17-08-2024 16:33;card;ANON-0000-0000-0192;3282;Latte;16
17-08-2024 18:48;card;ANON-0000-0000-0456;3282;Cappuccino;18
17-08-2024 21:18;card;ANON-0000-0000-0040;2792;Americano with Milk;21
17-08-2024 22:42;card;ANON-0000-0000-0519;3282;Latte;22
